id,gender,age,education,combined_covid_conspriacy,china_covid_conspiracy,generic_covid_conspiracy,generic_covid_conspiracy_wo_hoax,combined_covid_conspriacy_wo_hoax,negative_feelings_italy,negative_feelings_china,negative_feelings_roma,social_distance_italy,social_distance_china,social_distance_roma,discrimination_italy,discrimination_china,discrimination_roma,italy_composite,china_composite,roma_comspotie,information_exposure,anxiety,lack_of_control
1,2,36,5,2.58333333333333,2.5,2.625,2.71428571428571,2.63636363636364,67,100,100,3,7,7,1,7,7,.505971354480256,2.57644303582697,1.60357529643955,5.66666666666667,6.5,5.5
2,1,19,1,3.58333333333333,4.25,3.25,3.57142857142857,3.81818181818182,50,96,12,5,7,7,3,7,5,1.40080583366086,2.53944640944425,.690784257561788,5.33333333333333,3.75,5
3,1,26,2,2.91666666666667,3.25,2.75,3,3.09090909090909,55,75,65,4.66666666666667,5.33333333333333,5.33333333333333,4,5,3,1.43959796325718,1.52846328968669,.437326146994081,4.66666666666667,5.75,6
4,2,29,4,2.33333333333333,2.25,2.375,2.42857142857143,2.36363636363636,50,50,50,3,2.66666666666667,3.66666666666667,3,3,3,.604311784613338,.157034584120209,-.139480909278887,4.33333333333333,2.5,4
5,1,22,3,2.08333333333333,1.25,2.5,2.28571428571429,1.90909090909091,68,42,100,1,1,7,1,1,1,-.279204242597076,-.720845056422691,1.00752458201231,3,1,2.25
6,1,40,3,2.91666666666667,1.25,3.75,3.57142857142857,2.72727272727273,38,68,69,1,2,5,1,6,7,-.554964575745165,.446277942165834,.753702176474656,3,1,1
7,1,38,3,5,5,5,5,5,50,50,50,1,1,3,1,1,1,-.44466044248593,-.646851803657256,-.535287769830642,3.66666666666667,6.75,4
8,1,31,3,2.5,2.25,2.625,2.71428571428571,2.54545454545455,20,80,99,1.66666666666667,3,6,2,2,2,-.328329263448096,.422544037829109,.819447108429877,7,6.25,5.75
9,2,56,5,3,2.25,3.375,3.28571428571429,2.90909090909091,30,41,50,1,1.33333333333333,3,2,3,2,-.501249161968261,-.382714765269216,-.438260206635882,5,3.25,4.5
10,1,44,2,2.25,1.5,2.625,2.57142857142857,2.18181818181818,50,50,50,1,1,1,3,3,3,-.19015743725314,-.415864971364056,-.893721369218831,3,1,2
11,1,25,3,1.08333333333333,1.25,1,1,1.09090909090909,49,99,99,1,1,2,4,4,4,-.0720979457416819,.152837117970832,-.121253015274753,5,5,4
12,1,31,1,2.41666666666667,2,2.625,2.85714285714286,2.54545454545455,60,62,90,4,3,5.66666666666667,3,3,7,1.09346650659594,.36738629396694,1.14414937935688,4,2.75,2.5
13,1,45,3,2.41666666666667,2.75,2.25,2.28571428571429,2.45454545454545,29,82,50,2,6,4.66666666666667,2,6,2,-.113206562139958,1.94981871548803,.0336158127205285,7,6,3
14,1,31,2,3.08333333333333,3,3.125,3.42857142857143,3.27272727272727,28,32,65,1,2,5,4,4,7,-.265130178945344,-.1051795037122,.777738304368327,3,4.75,4.25
15,1,48,3,2.16666666666667,2,2.25,2.42857142857143,2.27272727272727,65,80,90,4.33333333333333,4,4.33333333333333,4,5,6,1.39806025251021,1.12653481520985,.671904513767934,6,5,4.5
16,1,25,3,2.25,2.5,2.125,2.14285714285714,2.27272727272727,43,11,36,4,1.33333333333333,1.66666666666667,4,6,5,1.06232737956317,-.313709214699796,-.629060157994045,5,4,3
17,1,41,3,1.08333333333333,1,1.125,1.14285714285714,1.09090909090909,40,40,50,1,1,3.33333333333333,3,3,2,-.282077548302503,-.508356537320849,-.338541450826321,4,2.75,3.25
18,1,40,3,3.25,3.5,3.125,3.14285714285714,3.27272727272727,51,65,63,3,3.66666666666667,3.33333333333333,2,4,2,.48625229310188,.764609536856402,-.229988263385502,5.66666666666667,5.25,4
19,1,45,2,1.16666666666667,1,1.25,1.28571428571429,1.18181818181818,48,58,60,1,3.33333333333333,3.33333333333333,4,4,7,-.0812899568466183,.570608381759859,.239316053704181,3,4,2.75
20,1,37,3,1.91666666666667,1.25,2.25,2.42857142857143,2,50,50,50,2,2,2,1,1,1,-.0474258315526904,-.302205718187147,-.810040500111043,4.66666666666667,1,4.25
21,1,44,3,1.25,1,1.375,1.28571428571429,1.18181818181818,18,19,49,2,2.33333333333333,5,3,3,2,-.0870671816778629,-.250248227088345,.11835381694707,4.33333333333333,2.5,2.25
22,1,30,3,3.33333333333333,1.25,4.375,4.42857142857143,3.27272727272727,50,50,98,1,1,3.66666666666667,4,3,7,-.0629059346367457,-.415864971364056,.623741676866012,3,3.25,3.25
23,2,29,3,2.08333333333333,2,2.125,2.14285714285714,2.09090909090909,45,47,48,1,1,1,1,4,1,-.490620498010611,-.328119025004494,-1.1086346558628,4.66666666666667,2.75,3
24,1,32,3,4,3.75,4.125,4.14285714285714,4,0,10,90,4.33333333333333,4.33333333333333,3.33333333333333,4,7,1,.805794019168264,.796212653422035,-.113288933199642,7,7,7
25,1,25,3,1.25,1.5,1.125,1.14285714285714,1.27272727272727,50,50,100,1,1,4,1,5,4,-.44466044248593,-.184878139070855,.441664790630182,4,1,1.25
26,1,39,3,1.75,2.25,1.5,1.28571428571429,1.63636363636364,30,60,75,2.66666666666667,1,3.66666666666667,1,3,1,.0314475150528608,-.323373405407263,-.158950761995842,5.66666666666667,6.75,6.5
27,2,42,3,3,2.75,3.125,3.28571428571429,3.09090909090909,0,50,50,1,2.33333333333333,2,1,1,1,-.904260997732745,-.198677546202027,-.816906394109948,4,2.75,2
28,1,47,3,2.5,2.5,2.5,2.42857142857143,2.45454545454545,35,15,80,3.33333333333333,3.33333333333333,5.33333333333333,3,2,2,.599940246677735,-.0751229689049279,.445975437020105,5.33333333333333,1.75,3.5
29,1,47,3,1.16666666666667,1,1.25,1.28571428571429,1.18181818181818,30,40,60,1,1,2.66666666666667,1,1,2,-.628500664584656,-.73934336961405,-.447650270062287,4,4.75,5.5
30,1,48,2,1.58333333333333,1,1.875,1.71428571428571,1.45454545454545,31,30,43,2,2,5,2,2,2,-.09274690590694,-.380393536138426,.0795906042886319,4.33333333333333,2,2.75
31,1,27,3,1.83333333333333,1,2.25,2.42857142857143,1.90909090909091,50,50,50,3.33333333333333,2.33333333333333,4.33333333333333,5,5,5,.989133757186693,.276160561855208,.247968424665509,4.33333333333333,1.75,1.75
32,2,39,3,3.33333333333333,2.75,3.625,3.71428571428571,3.36363636363636,50,49,65,3.33333333333333,1,4.66666666666667,4,4,4,.862996281845028,-.309620711813135,.333424565961266,5.33333333333333,6.5,5.75
33,2,41,3,2.5,2.5,2.5,2.42857142857143,2.45454545454545,29,30,92,2,4,4.33333333333333,2,2,3,-.112143341707333,.313430395699544,.363391112031149,6.66666666666667,4.5,5
34,2,44,3,4.25,4,4.375,4.42857142857143,4.27272727272727,4,7,28,6,5.66666666666667,6.33333333333333,2,2,2,1.24491919037907,.682297451667477,.323159110074869,6.33333333333333,5,5.25
35,2,49,3,3,2.5,3.25,3.57142857142857,3.18181818181818,8,30,80,2,2.33333333333333,5,1,1,1,-.433490297960015,-.379494336829073,.26370672231782,6.66666666666667,7,7
36,1,25,3,4.08333333333333,4,4.125,4,4,100,100,100,1.33333333333333,1,1,7,7,1,.91190695025559,.508566523006312,-.686662061488886,7,6.25,5.5
37,1,53,2,3.58333333333333,3.75,3.5,3.85714285714286,3.81818181818182,0,10,69,1,1,6,1,1,5,-.904260997732745,-1.01681806748443,.854174872427593,5.66666666666667,5.25,4.5
38,2,26,5,1,1,1,1,1,50,50,51,1,1,1.33333333333333,1,1,1,-.44466044248593,-.646851803657256,-.991437221299807,5.66666666666667,2.5,2
39,1,46,3,1.5,1,1.75,1.28571428571429,1.18181818181818,0,47,83,5,4,5,1,1,1,.67839973708867,.359338982966034,.291857150221728,7,1,1
40,1,46,3,1.33333333333333,1,1.5,1.42857142857143,1.27272727272727,40,40,50,1.33333333333333,1,5.33333333333333,1,1,1,-.405198365762102,-.73934336961405,.129905683450211,3.66666666666667,4,4.5
41,1,45,2,1.33333333333333,1.25,1.375,1.42857142857143,1.36363636363636,16,18,39,1,1.33333333333333,3.33333333333333,1,1,2,-.757188820053764,-.835130301447334,-.440790855945156,6,4.75,2.75
42,2,23,3,2.41666666666667,2.5,2.375,2.57142857142857,2.54545454545455,0,0,100,1,1,5.33333333333333,1,1,5,-.904260997732745,-1.10930963344122,.906297945915999,1,4,1
43,1,51,2,2.66666666666667,3,2.5,2.42857142857143,2.63636363636364,77,46,56,2.33333333333333,2.66666666666667,2.66666666666667,3,4,4,.58765607487709,.248395817354926,-.28068031261877,5,2.25,3.25
44,1,46,3,3.08333333333333,2.75,3.25,3.42857142857143,3.18181818181818,29,49,94,3,3.33333333333333,6.66666666666667,3,3,4,.411228744567571,.401767784480353,1.15714203791169,6,4,4
45,2,44,3,2.91666666666667,2.75,3,3.14285714285714,3,49,49,50,2,2,2.66666666666667,4,4,4,.325136665191557,.0350253736569744,-.329369458123453,6,2,4.75
46,2,23,3,2.66666666666667,2.25,2.875,2.71428571428571,2.54545454545455,100,100,100,1,1,3,3,4,3,.269443117993675,.162086274566511,.0538384866140979,2.66666666666667,2.5,1.75
47,2,37,3,2.33333333333333,2.25,2.375,2.42857142857143,2.36363636363636,50,50,50,2.33333333333333,2.66666666666667,2.66666666666667,3,2,3,.340534995476436,.0415411679736089,-.431771282708665,5.33333333333333,3.25,3
48,2,23,3,1.41666666666667,1,1.625,1.57142857142857,1.36363636363636,20,50,70,1,1,3.66666666666667,1,5,3,-.720420775634019,-.184878139070855,-.000841478440665705,4.66666666666667,3.5,3
49,2,51,3,3.08333333333333,3.25,3,2.85714285714286,3,19,95,90,6,6.33333333333333,5.33333333333333,1,4,6,1.25757268151776,1.95093177349686,.951954731808354,5.66666666666667,4.5,5
50,1,48,3,2.91666666666667,1,3.875,3.71428571428571,2.72727272727273,0,0,99,1,1,7,4,4,7,-.522506489883561,-.762829385001423,1.59546043885544,6,5.75,2
51,2,36,3,3,3,3,3,3,46,46,46,1.33333333333333,1.33333333333333,6,4,4,5,.0317082087167002,-.220975566144219,.684324974838125,5.33333333333333,4.75,5
52,2,30,5,1,1,1,1,1,50,50,50,1,1,1,1,1,1,-.44466044248593,-.646851803657256,-1.09240494069458,4.33333333333333,1.75,2.25
53,2,45,3,2.41666666666667,1.75,2.75,2.71428571428571,2.36363636363636,52,52,52,1,1,1,1,1,1,-.426276420276057,-.628353490465898,-1.07617522552635,5,4.75,3
54,1,44,5,1,1,1,1,1,30,50,80,3,1,7,1,1,1,.165866943597613,-.646851803657256,.845227430330036,7,1,1
55,1,30,4,2,1.75,2.125,2.28571428571429,2.09090909090909,27,52,98,1.33333333333333,1.33333333333333,1.66666666666667,5,6,6,-.015688499660695,.0655062057230573,-.013611230347533,4.33333333333333,2.5,3.5
56,2,56,6,2.66666666666667,3,2.5,2.71428571428571,2.81818181818182,39,49,39,1,1,5,2,2,2,-.418521062023834,-.540607544106335,.0135475202618779,6,2.75,4
57,1,21,3,1.5,1,1.75,1.85714285714286,1.54545454545455,32,80,96,1.66666666666667,2,3.33333333333333,5,7,6,.161653743637178,.672761237460587,.434423363537518,4.33333333333333,3.75,5
58,1,23,4,2.08333333333333,2,2.125,2.28571428571429,2.18181818181818,25,25,85,2,3,5.33333333333333,4,4,4,.104528398673086,.136129155175653,.69896508441423,4,1.25,4
59,1,33,3,3.5,3.75,3.375,3.42857142857143,3.54545454545455,46,49,46,4.33333333333333,5.33333333333333,5,2,2,2,.968909036283628,.967233856700889,.103935177040973,7,6,5.25
60,1,33,3,1.41666666666667,1.25,1.5,1.57142857142857,1.45454545454545,50,50,60,1,1,1.66666666666667,3,3,3,-.19015743725314,-.415864971364056,-.62992710860372,5,2.25,2.25
61,1,31,3,3.08333333333333,2.25,3.5,3.85714285714286,3.27272727272727,49,50,100,2,4.33333333333333,5.66666666666667,1,1,1,-.0597058902712927,.464885737796524,.608649558774069,2.66666666666667,3.25,4.75
62,2,23,3,1.5,1.25,1.625,1.71428571428571,1.54545454545455,50,50,50,1,1,1,3,3,2,-.19015743725314,-.415864971364056,-.993063154956704,1.66666666666667,2,1.25
63,2,66,3,2.5,2.25,2.625,2.57142857142857,2.45454545454545,39,38,39,1,1,1,1,1,1,-.545772564640229,-.757841682805409,-1.18166837411983,6.33333333333333,1.25,3
64,1,30,2,3,2.5,3.25,3.14285714285714,2.90909090909091,50,50,50,3,2.33333333333333,4.33333333333333,2,2,2,.479186722862194,-.0657879256868414,-.066848759393259,4.33333333333333,2,3.25
65,1,32,3,1.91666666666667,1,2.375,2.28571428571429,1.81818181818182,51,53,73,1.66666666666667,3.66666666666667,7,7,7,5,.594956227910048,.978537360492924,1.18579057019273,3.66666666666667,1,1
66,1,24,3,1.16666666666667,1,1.25,1,1,45,45,90,1,1,3.66666666666667,3,3,2,-.236117492777822,-.462110754342453,.0621138875037376,4.33333333333333,3,2.75
67,1,34,3,2.66666666666667,3.25,2.375,2.42857142857143,2.72727272727273,14,51,50,4,4.66666666666667,3.66666666666667,1,1,1,.416130990536081,.63745352283374,-.364882240446027,5,1.25,1.75
68,1,25,3,1.25,1,1.375,1.28571428571429,1.18181818181818,28,28,53,1,1,1,2,4,1,-.519633184178134,-.503853000322401,-1.06806036794223,2.66666666666667,2.25,2.25
69,1,36,6,2.75,3,2.625,2.71428571428571,2.81818181818182,40,50,50,2,2,2,4,4,2,.240332931223985,.0529726324369464,-.71069871437317,4.66666666666667,2,2
70,1,34,3,1.83333333333333,1.5,2,1.85714285714286,1.72727272727273,0,0,0,1,1,1,1,1,1,-.904260997732745,-1.10930963344122,-1.49814781990027,4,1.75,1.25
71,2,19,1,1.91666666666667,1.75,2,2.14285714285714,2,38,28,38,1,1.33333333333333,2,6,6,3,.0812929373368079,-.156473552573247,-.712541074796229,5.66666666666667,3,4.5
72,1,21,3,1.08333333333333,1,1.125,1.14285714285714,1.09090909090909,50,50,50,1,1,1,2,4,1,-.317408939869535,-.300371555217456,-1.09240494069458,6.33333333333333,3,4.5
73,1,32,4,2.75,2.75,2.75,2.71428571428571,2.72727272727273,96,96,97,2.33333333333333,2,2,5,5,6,1.01473165708052,.581062808513963,.0680667350316698,5,2.5,5
74,2,36,5,2.58333333333333,2.75,2.5,2.57142857142857,2.63636363636364,11,50,100,1,1.66666666666667,4.66666666666667,4,4,4,-.421394367729262,-.0849825286741335,.637296447097738,3.33333333333333,2.25,1
75,2,48,5,1.08333333333333,1,1.125,1.14285714285714,1.09090909090909,61,61,83,2.33333333333333,2.66666666666667,2.66666666666667,4,4,2,.563734938610318,.378800483717034,-.264068584475009,5.66666666666667,4,2
76,1,32,3,3.33333333333333,3.25,3.375,3.57142857142857,3.45454545454545,58,41,61,3.33333333333333,2.66666666666667,4.66666666666667,3,4,4,.813381329272311,.189285590905695,.321562817621526,5,5,5
77,2,20,3,1.08333333333333,1.25,1,1,1.09090909090909,56,52,60,1,1,1.66666666666667,5,6,3,.119497634609267,-.0508864097328964,-.62992710860372,3.33333333333333,2.25,1.25
78,1,32,3,1.66666666666667,1,2,1.57142857142857,1.36363636363636,47,45,95,1.66666666666667,1.33333333333333,5.66666666666667,2,2,7,-.0791325500242957,-.469909657217392,1.18091781212589,2.66666666666667,1.25,1
79,1,32,2,3,3,3,3,3,18,22,16,1,1,1,1,1,1,-.738804797843891,-.905828188336278,-1.36831009855445,5.66666666666667,1.5,4
80,1,20,3,3.33333333333333,3.25,3.375,3.57142857142857,3.45454545454545,52,60,68,3.66666666666667,4,5.33333333333333,2,2,3,.761296727366864,.595071434856466,.474656691440006,4,4,5
81,1,34,3,2.08333333333333,1.75,2.25,2.14285714285714,2,50,33,71,1,1,5.33333333333333,4,4,3,-.0629059346367457,-.457607217344004,.482209437347198,3.66666666666667,4.5,3.5
82,2,24,3,3.33333333333333,3.25,3.375,3.28571428571429,3.27272727272727,50,50,65,1.66666666666667,1.66666666666667,2.66666666666667,2,3,6,-.0504932962768616,-.200475944820734,-.0188889557322441,3.33333333333333,3,2.75
83,2,24,4,1.33333333333333,1.25,1.375,1.42857142857143,1.36363636363636,50,95,70,1.66666666666667,1,3,1,1,1,-.181896066939547,-.230639756851686,-.372990618148366,6,4.5,3.25
84,1,26,3,1.5,2,1.25,1.28571428571429,1.54545454545455,65,32,32,1.66666666666667,1.66666666666667,1.33333333333333,1,3,5,-.0430034867749825,-.345398217887836,-.748252372446478,7,4,5
85,1,31,3,1.5,1.25,1.625,1.57142857142857,1.45454545454545,50,50,55,1,3,3.33333333333333,7,7,7,.318848573212438,.692275772852312,.175829861243785,5.66666666666667,2.25,4.5
86,2,20,3,1.08333333333333,1.25,1,1,1.09090909090909,53,39,66,1,1,3.33333333333333,4,5,4,-.0353299013219367,-.286618861623328,-.0199460908509987,3.66666666666667,2,2.25
87,2,39,5,1.16666666666667,1,1.25,1.28571428571429,1.18181818181818,49,49,83,1,1.33333333333333,3,1,3,1,-.453852453590866,-.304555171217241,-.267497469554887,6,4.25,5.5
88,1,30,3,2.66666666666667,2.75,2.625,2.71428571428571,2.72727272727273,88,94,77,1,1,3.33333333333333,4,5,1,.286390487350834,.222084751139036,-.232513869790931,5,2.25,3
89,1,31,3,2.75,1.5,3.375,3.71428571428571,2.90909090909091,50,50,50,3.66666666666667,3.66666666666667,4,4,4,4,.99528926952453,.642902972678586,.0725656039621297,4.33333333333333,4,2
90,1,32,3,5,5,5,5,5,50,50,72,1,1,6,7,7,7,.318848573212438,.0461086932223453,1.07720301665568,3.66666666666667,1,2.5
91,2,21,3,1.58333333333333,1.25,1.75,1.85714285714286,1.63636363636364,50,50,50,3.66666666666667,4,4,4,4,4,.997415710389781,.733566701192873,.0527137382696412,5,2,3.25
92,2,23,5,1.25,1,1.375,1.42857142857143,1.27272727272727,50,50,50,1,1,1,1,4,1,-.44466044248593,-.300371555217456,-1.09240494069458,6.33333333333333,4.75,4.75
93,2,21,3,1,1,1,1,1,50,50,50,1,1,2.33333333333333,3,5,2,-.19015743725314,-.184878139070855,-.627771785408759,5,2.5,4.25
94,2,23,3,3.08333333333333,3,3.125,3,3,49,50,59,2.33333333333333,2.33333333333333,4.33333333333333,4,4,6,.457531266555269,.151969043524315,.410417995814162,4.33333333333333,3.5,2.75
95,1,31,3,3.33333333333333,3,3.5,3.57142857142857,3.36363636363636,50,90,60,3.33333333333333,3,3,1,1,1,.480178553563219,.412406631110136,-.460259271684182,3,2,2.5
96,1,33,3,2.58333333333333,2,2.875,3.14285714285714,2.72727272727273,50,50,98,1,1,6,2,2,4,-.317408939869535,-.531358387510656,.990163956629021,4,4.25,4
97,2,24,3,3.33333333333333,3,3.5,3.42857142857143,3.27272727272727,30,43,65,1,2.33333333333333,4,4,4,4,-.246746156735472,.0913912886411004,.174436602031348,3.66666666666667,2,1.75
98,1,30,3,2.08333333333333,2,2.125,2.14285714285714,2.09090909090909,56,10,100,2.33333333333333,1,5,7,2,2,.903680658981111,-.90132465133783,.50855383289282,5,2,4.25
99,1,30,3,2.08333333333333,2,2.125,2,2,100,100,100,7,7,7,7,7,7,3.16185679405869,2.57644303582697,1.60357529643955,3.66666666666667,2.25,2.5
100,2,20,3,2.41666666666667,3,2.125,2.28571428571429,2.54545454545455,41,63,80,1,1.66666666666667,4.33333333333333,1,1,4,-.527388542430356,-.311223741370103,.385206472452145,5.66666666666667,6,4.75
101,2,24,3,2.83333333333333,2.25,3.125,3.28571428571429,2.90909090909091,45,48,79,4,3.66666666666667,4,3,4,4,.955586340021896,.59867577254556,.288044608208942,5,1,1.75
102,2,24,4,3,3.5,2.75,3,3.18181818181818,27,50,71,1.66666666666667,1.66666666666667,5.33333333333333,6,5,4,.245020824752036,.0392089896567594,.588417117083975,5.66666666666667,5,6.75
103,2,24,4,1.5,1.75,1.375,1.42857142857143,1.54545454545455,39,49,58,1.33333333333333,1.33333333333333,1.66666666666667,3,4,4,-.157811737611103,-.201926198541474,-.546815038034075,5.66666666666667,5.75,4.25
104,1,35,3,1.66666666666667,1.5,1.75,1.42857142857143,1.45454545454545,0,10,20,2.66666666666667,2.33333333333333,3.66666666666667,3,2,1,.0112534075701861,-.427421506940933,-.595341996275857,2.33333333333333,2.25,3.25
105,2,22,3,2.83333333333333,2.75,2.875,3,2.90909090909091,60,50,70,1,1,3.66666666666667,4,4,6,.0290141764126174,-.300371555217456,.297183878772953,4,5.75,4
106,2,23,3,1.66666666666667,1.5,1.75,1.85714285714286,1.72727272727273,8,29,78,1,1,4.66666666666667,4,4,2,-.44897040104407,-.494603843726722,.240234143079,4.66666666666667,3.5,4.75
107,2,20,3,1.08333333333333,1.25,1,1,1.09090909090909,57,36,76,3.66666666666667,5.33333333333333,5.33333333333333,1,1,1,.677878839409901,.722803302626165,.334026086638265,5,5,3.5
108,2,22,3,1.41666666666667,1.25,1.5,1.57142857142857,1.45454545454545,43,42,41,1,1,1,1,2,2,-.509004520220484,-.605351640276091,-1.06609687321373,5.66666666666667,4.5,3.75
109,1,27,3,2.83333333333333,2.5,3,3,2.81818181818182,50,50,70,1,1.33333333333333,3.33333333333333,4,4,5,-.0629059346367457,-.183978939761502,.108049270071763,3,2.75,4
110,2,23,2,1.91666666666667,2,1.875,1.71428571428571,1.81818181818182,47,44,45,1.33333333333333,1,1.66666666666667,2,5,4,-.213602785411153,-.240373078644931,-.649248147780215,3.66666666666667,2,2.5
111,2,24,3,3.83333333333333,4,3.75,4.14285714285714,4.09090909090909,49,50,100,1,1.33333333333333,2,1,1,6,-.453852453590866,-.539157290385595,.0855454137851061,4.66666666666667,5.5,6.5
112,1,60,5,1.33333333333333,1.5,1.25,1.28571428571429,1.36363636363636,30,30,70,4,4,5,2,2,2,.690454670831456,.317596736986085,.294885903908139,3.33333333333333,1.25,2
113,2,22,3,2.08333333333333,1.5,2.375,2.42857142857143,2.09090909090909,0,20,59,1,1,1,1,4,1,-.904260997732745,-.577846253087836,-1.01937122243755,5.33333333333333,3,2.5
114,2,24,3,1,1,1,1,1,16,49,92,4,4,4.66666666666667,3,3,3,.689018017978743,.608824128450593,.473781616991181,5.33333333333333,4,3
115,2,22,3,1.5,1.5,1.5,1.42857142857143,1.45454545454545,8,44,49,1,1,4,1,1,1,-.830724908893254,-.702346743231333,-.264098225678562,5.33333333333333,4.75,3.75
116,2,31,5,1.5,1.5,1.5,1.57142857142857,1.54545454545455,55,60,73,2,3,4,1,3,3,-.00247818961852928,.357586082959874,.116355956122331,6,5.5,3
117,2,23,3,1.58333333333333,1,1.875,2,1.63636363636364,0,0,0,1,1,1,2,2,1,-.77700949511635,-.993816217294624,-1.49814781990027,6,5.5,5.25
118,2,49,5,3.58333333333333,4.5,3.125,3.28571428571429,3.72727272727273,50,50,50,1,1,3,4,5,1,-.0629059346367457,-.184878139070855,-.54446788637266,5,3.25,3.75
119,2,22,3,2.16666666666667,2.75,1.875,2,2.27272727272727,45,69,89,2,2,3,3,3,3,.161117118155417,.104515089423961,-.0125130422713262,3.66666666666667,2.75,2.5
120,2,28,3,2.91666666666667,3,2.875,3.14285714285714,3.09090909090909,100,100,100,2,3,3.33333333333333,4,4,7,.793929231543309,.838514002035897,.566970395916073,2,2,4.5
121,2,22,4,2.41666666666667,2.25,2.5,2.28571428571429,2.27272727272727,54,13,43,1.66666666666667,2,7,4,3,7,.236626485329382,-.435000225589208,1.14102841414506,3.66666666666667,4.5,3
122,2,29,3,3.41666666666667,3.25,3.5,3.42857142857143,3.36363636363636,99,99,99,7,7,7,3,3,3,2.64365877248817,2.10522021464489,1.19809329590394,4.33333333333333,2,4.75
123,2,64,5,3,2.75,3.125,3.28571428571429,3.09090909090909,50,53,55,5,5.33333333333333,5.66666666666667,5,5,5,1.65434723214523,1.34201262933912,.667565870131832,4,4.5,3
124,2,35,3,4,3.75,4.125,4.14285714285714,4,30,50,64,1.66666666666667,2,4,3,1,7,-.107082015759193,-.289341274716313,.437629341969459,5.66666666666667,3.5,3.25
125,2,23,3,3,3.25,2.875,3.14285714285714,3.18181818181818,25,75,50,1,1,3,5,5,3,-.165454709643759,.0463507758211283,-.322872410357086,5,4.75,3.75
126,2,25,3,2.16666666666667,1.75,2.375,2.14285714285714,2,45,45,71,1,1,2.33333333333333,2,2,6,-.363368995394216,-.577604170489053,-.0569325943435386,3,1.75,1.5
127,2,25,5,1.25,1.5,1.125,1.14285714285714,1.27272727272727,24,35,54,1.33333333333333,2,5,1,1,3,-.552270543441082,-.436776725835796,.271255862299096,4.33333333333333,1.75,1
128,2,21,3,1.16666666666667,1.5,1,1,1.18181818181818,55,56,81,1.66666666666667,2,5,2,4,1,-.00660887477532569,.0869050263558962,.288613406747084,6.33333333333333,4.75,3.75
129,2,21,3,2,2.25,1.875,2,2.09090909090909,50,50,78,1,1,4.33333333333333,2,2,3,-.317408939869535,-.531358387510656,.267320749002932,4.33333333333333,2.5,2
130,2,37,5,1,1,1,1,1,49,50,50,1,1,1.66666666666667,1,6,1,-.453852453590866,-.069384722924255,-.906699217073265,2.66666666666667,1.25,2.5
131,2,22,3,1.08333333333333,1,1.125,1.14285714285714,1.09090909090909,49,30,50,1,1,1,2,3,1,-.326600950974471,-.600848103277643,-1.09240494069458,5,5,4
132,2,22,4,1,1,1,1,1,30,92,39,4.66666666666667,5.33333333333333,5.66666666666667,4,4,3,1.20979768563377,1.58723632042401,.335984538462927,4.66666666666667,4.5,4
133,2,33,3,1.16666666666667,1,1.25,1.28571428571429,1.18181818181818,50,50,88,1,1,2,1,1,1,-.44466044248593,-.646851803657256,-.505481767066285,5.66666666666667,4.25,6.25
134,2,22,3,1.41666666666667,1,1.625,1.71428571428571,1.45454545454545,50,90,100,1,1.66666666666667,5,1,7,7,-.44466044248593,.640162085777134,1.02511462727467,6.33333333333333,3,5.25
135,2,48,3,3.25,3.25,3.25,3.42857142857143,3.36363636363636,48,90,84,2,3,2.33333333333333,4,4,4,.315944654086621,.758886879549937,-.1432571232269,5.33333333333333,4.75,3.75
136,2,33,3,2.58333333333333,2,2.875,2.57142857142857,2.36363636363636,0,0,29,1,1,1.33333333333333,3,3,6,-.649757992499955,-.878322801148023,-.673255159460946,4.66666666666667,4,1
137,2,26,5,2.41666666666667,1.5,2.875,3,2.45454545454545,9,35,60,1,1,2.66666666666667,3,3,5,-.567029892555529,-.554602320299246,-.135893124850858,5.66666666666667,3.25,4.25
138,1,32,5,1,1,1,1,1,50,50,50,1,1,1,1,1,1,-.44466044248593,-.646851803657256,-1.09240494069458,4,3,3.25
139,2,24,4,1.08333333333333,1.25,1,1,1.09090909090909,38,49,58,1,1.66666666666667,1.33333333333333,3,3,3,-.300461570512376,-.209725101416413,-.739009685582604,3.66666666666667,3.5,2
140,1,65,5,1.83333333333333,1,2.25,2.28571428571429,1.81818181818182,37,48,72,1,1,1,1,1,1,-.564156586850102,-.665350116848615,-.913878073844072,6,1.25,1.75
141,2,26,3,3.33333333333333,3.25,3.375,3.57142857142857,3.45454545454545,54,52,90,4.66666666666667,5.66666666666667,4.66666666666667,5,4,7,1.55760664792653,1.32913091115504,.880890988161612,4,4,4
142,2,61,5,3,3.25,2.875,3,3.09090909090909,48,57,38,2,1.66666666666667,4.66666666666667,1,1,1,-.065809853762563,-.353854237473345,-.183701946023425,4.33333333333333,5.5,5.25
143,2,32,3,3.08333333333333,2.75,3.25,3.28571428571429,3.09090909090909,89,91,97,4.33333333333333,4.33333333333333,5.33333333333333,5,4,6,1.7469832420777,1.22917473707168,.99808698574668,5.33333333333333,4.75,4.25
144,1,66,5,4.66666666666667,5,4.5,4.71428571428571,4.81818181818182,7,25,87,1,3.66666666666667,5,1,1,1,-.839916919998191,.0697255702445535,.303718898561468,7,5,4.75
145,2,47,4,2.66666666666667,2.75,2.625,2.85714285714286,2.81818181818182,49,49,49,1,2,4.33333333333333,3,5,5,-.199349448358077,.150518789803575,.210075768542662,2.66666666666667,2.75,5
146,2,65,5,2.08333333333333,1.75,2.25,2.28571428571429,2.09090909090909,24,26,29,6,5,4.66666666666667,2,2,2,1.42977182606832,.625246196073477,-.133736157698522,4,2.75,2.5
147,1,33,5,3.08333333333333,2.25,3.5,3.57142857142857,3.09090909090909,50,50,60,4,4,4,4,4,4,1.12879789816297,.733566701192873,.133862314110779,4,4,4.75
148,1,49,6,2.66666666666667,2.75,2.625,2.57142857142857,2.63636363636364,59,60,59,3.66666666666667,5,4.33333333333333,4,5,4,1.08019461717631,1.25630254053817,.201808491492172,2,1.5,3.5
149,1,33,5,1.25,1.5,1.125,1.14285714285714,1.27272727272727,5,20,100,1,1,5,2,2,2,-.731049439591669,-.808833085381037,.50855383289282,6,2,1.25
150,2,68,6,2.25,3,1.875,2,2.36363636363636,48,48,48,1.33333333333333,3,4,4,4,1,.0500922309265728,.370422302531405,-.284453238652033,7,5,4.25
151,2,65,5,2.66666666666667,2,3,2.85714285714286,2.54545454545455,25,24,45,2.66666666666667,2.66666666666667,5,1,1,1,-.0113736860160499,-.314430319660654,-.000461427433674189,4,1.75,1.5
152,1,33,5,1.41666666666667,1.25,1.5,1.28571428571429,1.27272727272727,27,39,48,1.33333333333333,1.66666666666667,3.66666666666667,5,2,4,-.015688499660695,-.396147537864681,-.0670405878597131,4.33333333333333,2.75,3.5
153,1,30,5,1.41666666666667,1.25,1.5,1.42857142857143,1.36363636363636,50,49,49,5,5,6,7,7,7,1.90773621010329,1.41997563940486,.890561292221062,5,4.5,4.5
154,1,43,5,2.58333333333333,2.5,2.625,2.71428571428571,2.63636363636364,38,41,52,3.66666666666667,3.66666666666667,3,4,3,5,.8850359431074,.418438260229205,-.114079201407791,4.33333333333333,3.75,3.5
155,1,47,5,1.16666666666667,1,1.25,1.28571428571429,1.18181818181818,10,58,37,1,1,1.33333333333333,1,1,1,-.812340886683382,-.572858550891822,-1.10810526632474,5.33333333333333,3.25,4
156,1,49,6,1.33333333333333,1.5,1.25,1.28571428571429,1.36363636363636,30,30,30,1,1,1.33333333333333,2,2,2,-.501249161968261,-.716341519424243,-1.06250744482832,6.33333333333333,4.75,3.25
157,1,65,5,2,1,2.5,2.71428571428571,2.09090909090909,40,50,50,1,1,5,2,3,3,-.409329050918898,-.415864971364056,.202152739425003,5,3.75,1.5
158,1,81,3,1,1,1,1,1,0,0,18,1,2,4,1,1,1,-.904260997732745,-.786226093626241,-.534764860174352,6.33333333333333,1.5,1
159,2,24,3,2.66666666666667,2.5,2.75,2.85714285714286,2.72727272727273,51,51,82,4,4,5.66666666666667,4,4,5,1.13798990926791,.742815857788552,.879801130904,4,4.75,3.25
160,2,45,4,1,1,1,1,1,57,57,98,1,1,7,4,4,2,.00143814309780848,-.2356274590477,1.09063665258196,4,4.25,2.25
161,2,48,4,2.58333333333333,2.25,2.75,2.71428571428571,2.54545454545455,10,50,95,2,2.33333333333333,5,5,5,5,.0970385891712068,.245899914015789,.766004902185869,3.33333333333333,5,6
162,2,64,3,1.08333333333333,1.25,1,1,1.09090909090909,33,50,50,1,1,1.33333333333333,2,2,1,-.473673128653452,-.531358387510656,-.999552078883921,5,1.25,1
163,1,45,4,2.08333333333333,2.25,2,2,2.09090909090909,18,21,27,6,6,4.66666666666667,3,3,3,1.50187126205509,1.03913991471179,-.0437581931299719,5,3,2
164,2,23,4,2.08333333333333,2,2.125,2,2,20,20,100,1,1,5,2,2,7,-.593169273017624,-.808833085381037,1.03504056012092,4,1.5,2
165,2,38,5,3.16666666666667,2.25,3.625,3.57142857142857,3.09090909090909,0,40,42,1,1,1.66666666666667,3,6,3,-.649757992499955,-.161876288881048,-.766068612271525,3.66666666666667,4,4.75
166,2,54,5,2.25,2.5,2.125,2.14285714285714,2.27272727272727,10,37,69,2,4,5.66666666666667,2,2,4,-.287854773133748,.382340833155841,.665040263726403,4,3.25,2.75
167,2,24,5,3,3,3,3.14285714285714,3.09090909090909,50,50,100,1.33333333333333,1,5.33333333333333,4,4,6,.0694886667269658,-.300371555217456,1.02929745249793,6,5,4
168,1,54,6,1.5,2.25,1.125,1.14285714285714,1.54545454545455,39,60,59,1,2.33333333333333,1.66666666666667,1,2,1,-.545772564640229,.00930743590136667,-.83672553766358,5,2.75,2.75
169,1,30,6,1.66666666666667,1,2,2,1.63636363636364,47,48,48,4,4,4.33333333333333,3,3,2,.973970362231768,.599574971854914,-.0693466865636764,3.66666666666667,3.75,3.75
170,2,38,5,2.33333333333333,2.25,2.375,2.57142857142857,2.45454545454545,0,0,6,1.66666666666667,2,3,1,1,1,-.637345354140071,-.786226093626241,-.901521620073667,6.66666666666667,3.25,3.5
171,1,30,5,2.5,2,2.75,2.85714285714286,2.54545454545455,50,50,80,1.66666666666667,1.66666666666667,3,6,6,6,.456437080165571,.15470240580336,.208672741533702,4,3,2.75
172,2,61,5,2.16666666666667,1.75,2.375,2.28571428571429,2.09090909090909,20,36,44,1,1,2.33333333333333,1,1,5,-.720420775634019,-.776339995996767,-.378435573699823,6.33333333333333,2.25,3.5
173,2,68,3,2.75,3,2.625,2.71428571428571,2.81818181818182,9,74,100,1,1,5.66666666666667,4,7,6,-.439778389939134,.26808845151865,1.12521035315592,4.66666666666667,3,5
174,2,38,5,2.08333333333333,1.75,2.25,2.14285714285714,2,24,47,85,1.33333333333333,1.66666666666667,5.66666666666667,1,1,1,-.550194909417937,-.459210246900972,.486926695012362,4.33333333333333,2.75,1.75
175,2,41,5,1.5,1.5,1.5,1.42857142857143,1.45454545454545,10,50,20,2,2,3,1,1,1,-.416118689340663,-.306372059473688,-.784853575048735,5.33333333333333,4.5,4
176,2,36,5,2.66666666666667,1.25,3.375,3.71428571428571,2.81818181818182,5,48,97,1.33333333333333,5,6.66666666666667,2,2,2,-.599667251818478,.807530515134507,.992728972034527,3.66666666666667,2.75,6
177,1,30,4,2.41666666666667,2.25,2.5,2.42857142857143,2.36363636363636,48,48,47,1.66666666666667,3.33333333333333,3.33333333333333,4,4,4,.183550052722909,.461086031045691,-.180994278948066,4,2.25,4
178,2,37,5,1,1,1,1,1,0,0,0,1,1,1,1,1,1,-.904260997732745,-1.10930963344122,-1.49814781990027,3.66666666666667,1.75,4.25
179,2,38,5,1.83333333333333,1.5,2,2.14285714285714,1.90909090909091,52,49,48,2,2.33333333333333,3,4,3,1,.353775918938991,.00566392512690894,-.569877718082905,5.33333333333333,2.75,3.75
180,2,41,6,2.75,2.5,2.875,2.85714285714286,2.72727272727273,50,50,50,1,4,3,5,7,5,.064345567979649,1.06754792577305,-.153220821115847,3.66666666666667,3.75,2.5
181,2,40,4,2,2,2,2,2,50,53,52,5,4.66666666666667,6.33333333333333,1,1,1,1.14220236722388,.630222949083432,.425439800354633,5.33333333333333,3,2.5
182,2,44,6,1.41666666666667,1.25,1.5,1.57142857142857,1.45454545454545,16,45,46,2,1,2,4,2,2,.0217494918865543,-.577604170489053,-.75308407755587,6.66666666666667,5,6
183,2,38,5,2.5,2.75,2.375,2.57142857142857,2.63636363636364,0,74,81,1,2,4.66666666666667,1,2,2,-.904260997732745,.0137049106006311,.261518676984002,5.33333333333333,3.25,1.75
184,2,37,6,1.5,1.25,1.625,1.71428571428571,1.54545454545455,45,56,65,2,2.66666666666667,5.66666666666667,3,5,5,.160104704564897,.426485571230111,.735728474279387,5.66666666666667,4,4.25
185,2,37,5,3.25,1.5,4.125,4.57142857142857,3.45454545454545,4,41,94,1,2.66666666666667,6,1,1,7,-.867492953313,-.153028316247564,1.25572988350618,2.66666666666667,1.25,1.25
186,2,37,5,1.08333333333333,1,1.125,1.14285714285714,1.09090909090909,41,70,50,2,2.33333333333333,3,3,5,2,.124349073735672,.465310035055336,-.435200167788543,5.33333333333333,4.25,1.5
187,2,36,5,2.75,2.25,3,2.85714285714286,2.63636363636364,76,94,99,2.33333333333333,4.33333333333333,6,3,4,6,.579527284204779,1.24822410467442,1.19696238568888,6,1.75,2
188,2,39,5,1.66666666666667,1,2,1.85714285714286,1.54545454545455,49,50,50,1,1,3.66666666666667,1,1,1,-.453852453590866,-.646851803657256,-.361822201598688,4,3.25,1
189,2,36,5,3.33333333333333,4,3,3.28571428571429,3.54545454545455,26,25,63,2.66666666666667,4.33333333333333,3.33333333333333,4,4,6,.37856041934755,.593001514815175,.154392907872406,5,4,4
190,2,38,5,1,1,1,1,1,20,55,55,4,2.33333333333333,5.33333333333333,3,3,3,.725836869240593,.061158864700985,.372223581693865,4.66666666666667,2.75,1
191,1,25,3,1.08333333333333,1.25,1,1,1.09090909090909,30,50,30,1,1,1,3,3,1,-.373997659351866,-.415864971364056,-1.25470209237685,5.66666666666667,2.75,4.25
192,1,20,3,2.75,2.75,2.75,2.85714285714286,2.81818181818182,12,38,71,3.33333333333333,4,5.66666666666667,2,4,5,.262234095396221,.639607606802095,.797403591477653,5,3,3.25
193,1,28,3,2.25,2.25,2.25,2.42857142857143,2.36363636363636,19,19,19,1,1,1,6,6,3,-.0933552736569818,-.356108577390315,-1.14528195432636,4.33333333333333,3.75,3.5
194,1,32,3,3.08333333333333,3.5,2.875,3,3.18181818181818,0,10,89,1,1.33333333333333,6,2,3,4,-.77700949511635,-.678136721919569,.917130238371996,5,4.5,4
195,1,41,3,3.25,3,3.375,3.42857142857143,3.27272727272727,35,50,100,2.66666666666667,4,7,3,3,5,.331961382652436,.618073285046272,1.4048917249638,5.66666666666667,5,6.25
196,1,32,3,3,1,4,3.85714285714286,2.81818181818182,0,0,0,1,1,1,1,1,3,-.904260997732745,-1.10930963344122,-1.29946424842452,4.66666666666667,2.5,3.5
197,1,33,3,2.25,1.75,2.5,2.42857142857143,2.18181818181818,10,10,50,1,1,2.33333333333333,1,3,4,-.812340886683382,-.78583123519123,-.426028175085674,4.66666666666667,1,2.5
198,1,33,2,4,4,4,3.85714285714286,3.90909090909091,47,47,85,4,3,5,1,1,1,.719467356998979,-.00233788726145034,.308086865389955,5,3.5,4.25
199,1,27,3,2,2.25,1.875,2,2.09090909090909,20,20,60,1,1,1,1,1,1,-.720420775634019,-.924326501527637,-1.01125636485344,3.66666666666667,2.25,6.5
200,1,33,3,2.33333333333333,1.25,2.875,2.85714285714286,2.27272727272727,50,50,50,4,4,4,3,3,3,1.00154639554658,.618073285046272,-.0466280474682317,3.66666666666667,1,1
201,1,44,3,1.66666666666667,1,2,2.14285714285714,1.72727272727273,50,50,50,1,1,1,1,1,1,-.44466044248593,-.646851803657256,-1.09240494069458,3,2.5,1
202,1,19,1,1.41666666666667,1.25,1.5,1.57142857142857,1.45454545454545,59,59,100,1,1.33333333333333,5.33333333333333,1,4,7,-.361932342541503,-.10943463258468,1.10498151739175,6.66666666666667,6,5
203,1,27,3,2.33333333333333,2.5,2.25,2.42857142857143,2.45454545454545,50,50,100,1,1.33333333333333,6,3,7,5,-.19015743725314,.153803206494006,1.10573545753512,4.66666666666667,2.5,5
204,1,34,3,3.75,2.25,4.5,4.42857142857143,3.63636363636364,38,25,43,2,2,3.66666666666667,2,2,7,-.0304784621955314,-.41794121693253,.197276375432241,4.66666666666667,2.75,4.25
205,1,42,3,1,1,1,1,1,0,39,100,1,1,5,1,1,1,-.904260997732745,-.748592526209729,.409212047154947,6,7,1
206,1,35,3,1.75,1.75,1.75,1.85714285714286,1.81818181818182,50,60,60,1,1.66666666666667,3,4,5,3,-.0629059346367457,.12300245342926,-.267695777903115,4.66666666666667,3.5,2.25
207,1,53,3,2.83333333333333,2.25,3.125,3.14285714285714,2.81818181818182,48,45,90,3,3,2.66666666666667,4,1,7,.707003169792528,.00525810610006894,.283324269608474,3.66666666666667,2.5,1.75
208,1,33,3,3.25,3.5,3.125,3.14285714285714,3.27272727272727,50,50,50,4,4,4,4,4,4,1.12879789816297,.733566701192873,.0527137382696412,5,2.25,4.25
209,1,53,3,1.66666666666667,1.25,1.875,1.85714285714286,1.63636363636364,38,48,70,3.33333333333333,3.33333333333333,5,3,3,3,.627516279992544,.345592614899091,.364449891107279,5,4.75,4
210,1,64,3,2.83333333333333,4,2.25,2.42857142857143,3,47,42,99,6,7,7,2,2,2,1.64118808148185,1.46252487254457,1.09875151016607,5,2.25,3
211,1,33,3,3.16666666666667,2,3.75,3.57142857142857,3,31,31,100,1.66666666666667,1,7,6,4,7,.280725648739156,-.476105530535363,1.60357529643955,3.33333333333333,1,4.25
212,1,63,2,1.41666666666667,1.5,1.375,1.42857142857143,1.45454545454545,50,50,50,1.66666666666667,2,5,1,1,1,-.180883653349027,-.31090382037144,.0172009559470671,6.66666666666667,3.5,5
213,1,58,3,2.83333333333333,1.75,3.375,3.42857142857143,2.81818181818182,49,49,100,2.33333333333333,3.33333333333333,6.66666666666667,1,1,2,.0767891722966051,.145052065245485,1.00714761194062,3.66666666666667,3,4.5
214,1,61,3,1.25,1.25,1.25,1.28571428571429,1.27272727272727,50,50,50,1.66666666666667,2,5,1,1,1,-.178808019325881,-.323768263842273,.010335061948162,5,3.75,2
215,1,59,3,2,2,2,2,2,39,61,52,1.66666666666667,3.66666666666667,3.66666666666667,1,6,3,-.279920141480181,.949901640582592,-.140043020955809,5.33333333333333,2.25,3.25
216,1,56,3,2.25,2.25,2.25,2.28571428571429,2.27272727272727,49,68,51,3.66666666666667,2.66666666666667,3,1,1,1,.607532411868286,.101230672733529,-.512695307944491,6.33333333333333,5,4
217,1,51,3,1.66666666666667,1.25,1.875,2,1.72727272727273,9,30,90,6.66666666666667,2.66666666666667,2.33333333333333,2,3,1,1.5567316690638,-.0536774347350449,-.375801508090686,5.33333333333333,2.5,3.75
218,1,66,3,3.41666666666667,2.25,4,3.85714285714286,3.27272727272727,12,46,80,1.33333333333333,2.33333333333333,4.66666666666667,2,2,2,-.534310760493403,-.103149971680769,.283181617938621,3.66666666666667,4.5,3.75
219,1,57,3,2.83333333333333,2.75,2.875,3,2.90909090909091,50,50,90,3.66666666666667,3.33333333333333,4.66666666666667,3,4,3,.870164207773386,.496615128994424,.463671979517632,4.66666666666667,3.75,4
220,1,42,3,1.83333333333333,1.5,2,1.57142857142857,1.54545454545455,8,13,24,1,1,1,1,1,7,-.830724908893254,-.989070597697392,-.707340523454298,4,1,1.25
221,1,43,3,1.08333333333333,1,1.125,1.14285714285714,1.09090909090909,0,0,0,1,1,1,1,1,1,-.904260997732745,-1.10930963344122,-1.49814781990027,6.33333333333333,4.5,3.75
222,1,36,3,3.5,2.5,4,4.42857142857143,3.72727272727273,17,100,100,1,6.33333333333333,7,1,3,3,-.747996808948828,1.87335145775558,1.20620815348806,6.33333333333333,3.25,3
223,1,61,3,2.66666666666667,1,3.5,3.57142857142857,2.63636363636364,49,49,79,3,3,4,2,1,3,.474145979803549,-.00993388062296958,.158925023932336,3,1.25,1.5
224,1,27,3,2.25,2.5,2.125,2.28571428571429,2.36363636363636,50,50,60,1,1,3.33333333333333,3,3,3,-.19015743725314,-.415864971364056,-.154991050399971,4.66666666666667,3,3.25
225,1,60,2,2.33333333333333,2.75,2.125,2.28571428571429,2.45454545454545,12,85,17,1,5.33333333333333,2.66666666666667,1,1,1,-.793956864473509,1.15898119105708,-.911231126153749,5.66666666666667,2.75,1.5
226,1,23,3,1.33333333333333,1.25,1.375,1.42857142857143,1.36363636363636,50,50,50,1,1,1,4,4,4,-.0629059346367457,-.300371555217456,-.794379583480958,4.33333333333333,3.25,2.25
227,1,44,3,3.16666666666667,2.25,3.625,3.57142857142857,3.09090909090909,20,20,20,1,1,2,3,2,3,-.465917770401229,-.808833085381037,-.858608511310278,3.66666666666667,2,1.75
228,1,32,3,1.25,1.5,1.125,1.14285714285714,1.27272727272727,11,93,56,1,1.66666666666667,3.33333333333333,2,4,1,-.675897372962051,.325595648410912,-.396059985058416,6,3.5,5.25
229,1,52,2,1.41666666666667,1.25,1.5,1.42857142857143,1.36363636363636,11,29,30,1,1,1.33333333333333,1,1,1,-.803148875578445,-.841084092166523,-1.1618492305662,5,4.5,3.75
230,1,49,3,2.75,1,3.625,3.57142857142857,2.63636363636364,0,30,100,1,1.66666666666667,5.66666666666667,1,1,1,-.904260997732745,-.603581465556688,.618575491620313,4.33333333333333,2.5,1
231,1,68,3,2.08333333333333,1,2.625,2.57142857142857,2,24,49,49,1.33333333333333,1.66666666666667,5,2,1,3,-.422943406801542,-.440711933709614,.220755641532282,3.33333333333333,3.75,3
232,1,40,3,1.5,1.5,1.5,1.57142857142857,1.54545454545455,8,13,8,1,1,1.33333333333333,1,3,1,-.830724908893254,-.758083765404192,-1.34343613626404,3,2.5,3
233,1,43,3,3.33333333333333,1.25,4.375,4.28571428571429,3.18181818181818,5,6,91,1,2,4,2,4,7,-.731049439591669,-.375552803428071,.663596390739437,4,1.75,1.25
234,1,30,3,1.08333333333333,1.25,1,1,1.09090909090909,8,71,33,1,1,1,1,2,1,-.830724908893254,-.33712609900139,-1.23035751962451,6.33333333333333,4.5,3.25
235,1,62,3,1.5,1.75,1.375,1.42857142857143,1.54545454545455,18,60,50,2.66666666666667,1,6,2,1,1,.0453576436384585,-.554360237700463,.309491329376844,4.33333333333333,1.25,2.25
236,1,52,3,1.66666666666667,1.5,1.75,1.85714285714286,1.72727272727273,50,50,50,1,2,2,3,3,3,-.19015743725314,-.0927814315490728,-.615162783786864,5.33333333333333,1.75,4
237,1,37,3,1.16666666666667,1,1.25,1.28571428571429,1.18181818181818,50,50,70,1.66666666666667,1.33333333333333,4.33333333333333,1,1,4,-.181896066939547,-.526292846914762,.300997857763668,5.66666666666667,1.75,1
238,1,32,3,1.91666666666667,1.75,2,2.14285714285714,2,70,51,90,1.33333333333333,6.33333333333333,7,1,6,7,-.127362398590867,1.77495571558017,1.52242672059841,2.33333333333333,4.25,3
239,1,28,3,1.5,1.25,1.625,1.71428571428571,1.54545454545455,50,50,70,1,1,3,2,3,3,-.317408939869535,-.415864971364056,-.180427124367299,4.33333333333333,1,3.5
240,1,46,3,3.66666666666667,3,4,4.14285714285714,3.72727272727273,59,91,100,1.66666666666667,1.66666666666667,1.66666666666667,1,1,1,-.0950166989488295,-.0522473566910814,-.507076415562253,6.66666666666667,7,5.5
241,1,65,3,3.41666666666667,4,3.125,3.14285714285714,3.45454545454545,28,53,47,3.66666666666667,4.66666666666667,5.33333333333333,3,3,4,.663788695418496,.869907883560925,.393660535065244,4.66666666666667,3.5,4.75
242,1,39,3,3.33333333333333,1.5,4.25,4.28571428571429,3.27272727272727,100,100,100,3.33333333333333,3,3,7,7,7,1.70850261298732,1.15473360263628,.44814559071825,4,3,1
243,1,74,3,3.83333333333333,2,4.75,5,3.90909090909091,0,0,52,1,1,4,1,1,7,-.904260997732745,-1.10930963344122,.346371128654772,5.66666666666667,1,7
244,1,40,3,2.66666666666667,2.5,2.75,2.71428571428571,2.63636363636364,18,19,19,1,1,1,1,1,1,-.738804797843891,-.933575658123316,-1.3439655258021,6,4.75,2.75
245,1,63,3,1.66666666666667,1.25,1.875,1.85714285714286,1.63636363636364,4,47,98,5.33333333333333,6,3.66666666666667,1,1,1,.851764457760523,1.04863115390625,.0307510012861143,4,2,1.25
246,1,63,3,3.25,2,3.875,4.14285714285714,3.36363636363636,50,50,50,1.66666666666667,2.33333333333333,3.66666666666667,4,4,4,.199858440909636,.139104600053481,-.0538709115388247,4.66666666666667,2.5,4
247,1,55,3,1.75,1.75,1.75,1.57142857142857,1.63636363636364,29,62,61,3,3,4.66666666666667,1,2,2,.15368849856322,.260225560393422,.102281564149065,5.33333333333333,4,2.25
248,1,50,3,1.5,1.5,1.5,1.28571428571429,1.36363636363636,0,0,0,1,1,1,1,1,1,-.904260997732745,-1.10930963344122,-1.49814781990027,1,1,2.5
249,1,27,4,3.33333333333333,3.25,3.375,3.57142857142857,3.45454545454545,36,58,99,2,3,7,5,3,7,.329803975830114,.347420452341598,1.59546043885544,4.66666666666667,4,4.25
250,1,49,3,1.58333333333333,1.25,1.75,1.85714285714286,1.63636363636364,49,48,80,1,1,1.66666666666667,1,1,4,-.453852453590866,-.665350116848615,-.368288171183571,6.33333333333333,2.75,3.5
251,1,46,3,3.58333333333333,3,3.875,4,3.63636363636364,18,8,0,1.66666666666667,3.33333333333333,3.33333333333333,2,7,2,-.346713285657969,.420203811289733,-.760330340572934,6,4.5,6.25
252,1,68,3,2.58333333333333,2.25,2.75,2.85714285714286,2.63636363636364,30,20,30,3.33333333333333,3,4,2,2,2,.422526613648263,-.110842812256525,-.315132878887286,4.33333333333333,3.25,3.5
253,1,50,3,3,3,3,3.14285714285714,3.09090909090909,60,46,50,1,2,2,1,1,1,-.352740331436566,-.360764890224991,-.813846355262609,6,3,1.5
254,1,51,3,1.16666666666667,1,1.25,1.14285714285714,1.09090909090909,50,50,50,2,2,2,2,2,2,.0798256710637042,-.186712302040547,-.71069871437317,5.66666666666667,2.5,4.25
255,1,57,3,1.41666666666667,1,1.625,1.42857142857143,1.27272727272727,50,50,69,1,1,2.33333333333333,1,1,3,-.44466044248593,-.646851803657256,-.371187666725385,4,1.75,2.75
256,1,64,2,2.83333333333333,3.5,2.5,2.71428571428571,3,50,50,100,1,1,2.33333333333333,1,1,1,-.44466044248593,-.646851803657256,-.314504797942036,5,2.25,2
257,1,52,3,1.66666666666667,1.25,1.875,1.71428571428571,1.54545454545455,40,50,70,1,1.66666666666667,3.66666666666667,4,4,4,-.154826045686109,-.0634199830190073,.111486278990791,4,4.5,4.5
258,1,55,3,2,2,2,2,2,50,50,50,3,1,3.66666666666667,1,1,1,.352896826994215,-.646851803657256,-.358762162751348,6.33333333333333,1,1.75
259,1,46,3,3.66666666666667,3.25,3.875,3.85714285714286,3.63636363636364,30,29,79,2.66666666666667,3.66666666666667,6.66666666666667,3,3,1,.289089374741421,.320312824551886,.737393816936361,2,2,2
260,1,49,3,1.58333333333333,2,1.375,1.42857142857143,1.63636363636364,0,9,8,1.33333333333333,1.33333333333333,2.66666666666667,1,1,1,-.770803175936408,-.918372710808449,-.97127887271719,6.33333333333333,2.75,2.5
261,1,64,3,3,1.5,3.75,4.14285714285714,3.18181818181818,45,29,81,6,5.66666666666667,3.33333333333333,3,1,4,1.75213119591152,.761221958830319,.108642666909614,6.66666666666667,6.25,6.25
262,1,49,3,4.41666666666667,4.5,4.375,4.42857142857143,4.45454545454545,100,51,100,4,2,7,1,1,7,1.20360670478904,-.314519107246594,1.60357529643955,3.33333333333333,3,6
263,1,48,3,3.5,2.5,4,4.42857142857143,3.72727272727273,50,50,50,1,1,1,1,1,1,-.44466044248593,-.646851803657256,-1.09240494069458,7,6.5,7
264,1,78,3,1.08333333333333,1.25,1,1,1.09090909090909,74,97,44,1,1,1.33333333333333,2,2,2,-.0968006733510636,-.0966480275137271,-.94889943865073,4,1,1.25
265,1,56,3,2.58333333333333,2.5,2.625,2.57142857142857,2.54545454545455,13,33,49,1,2,2.66666666666667,2,2,2,-.657513350752178,-.343947964167096,-.519376060338163,3.66666666666667,4.75,3.5
266,1,55,3,2.58333333333333,2,2.875,3,2.63636363636364,50,49,50,2,2.33333333333333,3.66666666666667,1,1,1,-.0474258315526904,-.203760361511165,-.351896268752443,6,2.5,4
267,1,66,3,1.58333333333333,1,1.875,1.71428571428571,1.45454545454545,8,7,97,1,1,5,1,1,7,-.830724908893254,-1.04456553727147,1.02211355282327,3.33333333333333,2.5,2.75
268,1,66,3,3.33333333333333,2.25,3.875,4.14285714285714,3.45454545454545,0,0,0,1,1,1,1,1,1,-.904260997732745,-1.10930963344122,-1.49814781990027,2,2,2.75
269,1,65,2,2.91666666666667,2.5,3.125,3.28571428571429,3,84,85,83,1,1,5,1,1,1,-.132132064918095,-.32313132280848,.271259468225013,5.33333333333333,4.5,4
270,1,49,3,1.41666666666667,1,1.625,1.28571428571429,1.18181818181818,50,49,88,2.33333333333333,2.66666666666667,3.66666666666667,3,3,3,.33947177504381,.160649870995364,.162017784918532,4,2.5,3.75
271,1,64,2,3.33333333333333,1,4.5,4.42857142857143,3.18181818181818,0,0,100,1,1,7,1,1,7,-.904260997732745,-1.10930963344122,1.60357529643955,3,1,1
272,2,24,4,2.08333333333333,2.25,2,2,2.09090909090909,50,51,50,1,1.33333333333333,3.33333333333333,4,4,4,-.0629059346367457,-.174729783165823,-.140603695654802,5,4,4.5
273,2,24,3,3,3,3,3,3,50,50,50,4,4,4,4,4,4,1.12879789816297,.733566701192873,.0527137382696412,4,4,4
274,1,58,2,2.08333333333333,1.25,2.5,2.71428571428571,2.18181818181818,13,36,60,1,1,5,3,3,1,-.530261848135783,-.545353163703567,.084617743790395,6.66666666666667,6.75,3
275,1,54,3,2.75,3,2.625,2.85714285714286,2.90909090909091,68,78,43,3.33333333333333,7,7,1,7,3,.646697973884698,2.37296159072202,.743661271193571,4,3.75,6
276,1,59,2,3.08333333333333,2.5,3.375,3.28571428571429,3,26,43,81,2,2,4.66666666666667,2,2,7,-.140782595454767,-.251456398210302,.775019432518516,4.66666666666667,4.25,4.25
277,1,56,3,3,1.5,3.75,3.85714285714286,3,51,50,52,1.33333333333333,1.33333333333333,1.66666666666667,2,1,2,-.176834740991408,-.530459188201303,-.794187755014504,3.33333333333333,2,4.25
278,2,24,3,3.75,4,3.625,4,4,10,50,99,2,3,6.66666666666667,3,4,7,-.160654077359458,.41048316137789,1.50566761589212,4.33333333333333,3.5,2.5
279,1,55,3,1.5,2.25,1.125,1.14285714285714,1.54545454545455,40,50,70,1,1,1.33333333333333,2,2,1,-.409329050918898,-.531358387510656,-.837254927201644,4,2,2.25
280,1,18,1,2,2.25,1.875,2,2.09090909090909,50,50,50,7,7,6,5,5,3,2.44775323357908,1.8829983737498,.5219066888504,4.33333333333333,1.75,3
281,2,20,3,2.91666666666667,3,2.875,2.85714285714286,2.90909090909091,15,17,29,2,2.66666666666667,3.66666666666667,5,5,5,.139859790240117,.0827992487559915,-.118075241068437,3.33333333333333,2.5,2.75
282,1,31,3,2.83333333333333,2.5,3,3.14285714285714,2.90909090909091,51,48,98,1,1,3.66666666666667,2,2,7,-.308216928764599,-.549856700702015,.633667609712256,3.66666666666667,5.25,4.75
283,1,63,3,2.66666666666667,2.25,2.875,2.71428571428571,2.54545454545455,0,0,40,3,5.66666666666667,3.66666666666667,1,1,1,-.103514066954725,.476331052409454,-.442970777439826,6,5.25,3.25
284,1,68,3,2.91666666666667,3,2.875,3,3,15,79,91,2.66666666666667,4.33333333333333,3,1,6,7,-.104357017498038,1.37906691844494,.434667469538691,5,3.25,4
285,1,64,3,2.08333333333333,1,2.625,2.57142857142857,2,66,10,67,3.66666666666667,2,4.66666666666667,1,1,1,.757569698582766,-.672171982014321,.0783466836072688,3,1,1.75
286,2,32,3,1,1,1,1,1,39,39,93,1,1,3.33333333333333,2,2,3,-.418521062023834,-.633099110063129,.0990674618779746,4.66666666666667,7,4
287,1,58,2,3.41666666666667,2.75,3.75,3.57142857142857,3.27272727272727,19,47,96,1.66666666666667,3.66666666666667,6.66666666666667,1,1,3,-.462697143146282,.230081924039246,1.08089586134095,5,6,4
288,1,24,3,1.16666666666667,1.25,1.125,1.14285714285714,1.18181818181818,50,55,57,1,1,2,2,3,4,-.317408939869535,-.369619188385659,-.459016994960194,4.66666666666667,2,2
289,1,63,3,2.58333333333333,3,2.375,2.57142857142857,2.72727272727273,50,50,50,1,1,2,1,1,1,-.44466044248593,-.646851803657256,-.816906394109948,5.66666666666667,3.25,5.5
290,1,58,3,1.75,2,1.625,1.71428571428571,1.81818181818182,16,37,37,1,1,2.66666666666667,1,1,5,-.757188820053764,-.767090839401088,-.339326676130625,5.33333333333333,3.25,3.5
291,1,36,3,1.41666666666667,1,1.625,1.42857142857143,1.27272727272727,21,28,52,1,1,1,3,3,4,-.456725759296293,-.619346416469001,-.77814986831273,5,3.5,3
292,1,56,3,1,1,1,1,1,38,38,59,1,1,2,1,1,1,-.554964575745165,-.757841682805409,-.737006781854019,4.33333333333333,1.5,2.5
293,1,43,3,2.16666666666667,3,1.75,1.85714285714286,2.27272727272727,28,37,48,3.66666666666667,4.33333333333333,5.33333333333333,2,2,2,.540688460848393,.490035346427502,.203091821173612,5.33333333333333,5,3
294,1,62,2,1.16666666666667,1,1.25,1.28571428571429,1.18181818181818,50,50,50,7,7,5.66666666666667,1,1,1,1.93874722311351,1.4210247091634,.236490333258677,3.66666666666667,4,2
295,1,81,2,2.83333333333333,2.75,2.875,2.85714285714286,2.81818181818182,18,16,60,1,1,1.66666666666667,1,1,1,-.738804797843891,-.961323127910354,-.831670718926805,3,2.25,1.75
296,2,33,3,1.25,1,1.375,1.42857142857143,1.27272727272727,50,50,50,1,1,2,1,1,1,-.44466044248593,-.646851803657256,-.813846355262609,6.66666666666667,6,2.5
297,1,31,3,1.41666666666667,1.75,1.25,1.28571428571429,1.45454545454545,19,47,100,2.33333333333333,5,6,1,4,4,-.20205920846515,1.07619420381761,1.00639367179725,6,3,1.5
298,1,27,3,1,1,1,1,1,50,50,50,1,1,1,1,1,1,-.44466044248593,-.646851803657256,-1.09240494069458,3.33333333333333,4,4
299,2,30,4,4.25,3.25,4.75,5,4.36363636363636,28,32,73,1.66666666666667,1,3,3,3,4,-.125466037969066,-.582349790086284,-.0689809212664412,7,5.25,5.25
300,1,68,2,2.83333333333333,2.25,3.125,3,2.72727272727273,49,49,50,1,1.66666666666667,3.33333333333333,2,2,2,-.326600950974471,-.325218517563013,-.339287267130548,5,4.75,4.25
301,2,22,3,1,1,1,1,1,18,33,27,1,1,2,4,4,1,-.357050289994707,-.457607217344004,-1.00048807969723,5.66666666666667,4.75,4
302,1,72,3,2,2,2,2.14285714285714,2.09090909090909,50,59,91,4,6,7,5,4,3,1.25812503480251,1.50193494020766,1.13317443523103,3.33333333333333,1.75,2.75
303,1,30,3,2,2.75,1.625,1.71428571428571,2.09090909090909,89,100,95,3,3.33333333333333,6,2,4,5,.836611935522084,.959072958778391,1.08501303530704,2.33333333333333,2.5,4.25
304,2,33,3,1.91666666666667,2,1.875,2,2,45,61,83,2.33333333333333,3,5.66666666666667,2,4,5,.165247803312214,.490661338275236,.87493001679453,5,6,5.25
305,1,67,2,2.75,2,3.125,3.14285714285714,2.72727272727273,22,45,96,3,4.66666666666667,6.66666666666667,2,2,1,.219633164216622,.689119316833183,.875346395866296,5,1.25,2.5
306,1,63,3,2.58333333333333,2.75,2.5,2.42857142857143,2.54545454545455,36,36,35,3.66666666666667,6,4.66666666666667,3,4,2,.740463638713757,1.28050623632275,-.0980329838874228,4.33333333333333,2.25,1.75
307,1,74,3,1.25,1.5,1.125,1.14285714285714,1.27272727272727,53,46,69,1.66666666666667,1.33333333333333,4.33333333333333,1,1,1,-.152244399601593,-.576153916768313,-.024994222726553,6,1.75,1.5
308,2,40,3,2.83333333333333,3,2.75,2.71428571428571,2.81818181818182,9,50,75,1,4,6,1,1,4,-.821532897788318,.387086452753072,.803522232194403,3.66666666666667,3.25,2.75
309,2,25,4,3.16666666666667,3,3.25,3.28571428571429,3.18181818181818,23,50,50,3,3.33333333333333,4,3,4,5,.356127484780058,.496615128994424,.152055524007514,6,5.25,4.25
310,1,39,3,1.08333333333333,1,1.125,1.14285714285714,1.09090909090909,10,40,100,1,2,7,2,2,7,-.685089384066987,-.300766413652466,1.60357529643955,3.66666666666667,1.75,2
311,1,40,3,4.08333333333333,3.25,4.5,5,4.36363636363636,50,100,100,2,2,1,1,1,1,-.0505138791663564,.164783872494572,-.686662061488886,6.33333333333333,5.25,7
312,1,64,2,2.5,2,2.75,3,2.63636363636364,6,15,59,1,1,1.66666666666667,1,1,2,-.849108931103127,-.970572284506033,-.737383751925707,6.66666666666667,6.75,5.25
313,2,36,3,1.83333333333333,1,2.25,2.28571428571429,1.81818181818182,50,49,60,1,1,1.66666666666667,4,2,3,-.0629059346367457,-.540607544106335,-.626867069756381,1.33333333333333,1,1
314,1,68,3,1.91666666666667,1.25,2.25,2.42857142857143,2,6,0,39,1,1,4.66666666666667,1,1,1,-.849108931103127,-1.10930963344122,-.178647127286651,4.33333333333333,2,3.25
315,2,35,3,4.5,5,4.25,4.57142857142857,4.72727272727273,51,60,100,1,1,1,7,7,1,.328040584317375,.138600259179139,-.686662061488886,3,2.25,2.5
316,2,41,3,3,3,3,3,3,49,48,48,1,2,2,5,5,4,.0551535568747127,.15830041796527,-.511453031220503,5,2.75,2
317,2,37,3,2.25,2.5,2.125,2.28571428571429,2.36363636363636,50,50,50,1,1,1.33333333333333,1,2,1,-.44466044248593,-.531358387510656,-.999552078883921,6.66666666666667,4.5,3.5
318,1,35,3,3.58333333333333,3.25,3.75,3.71428571428571,3.54545454545455,29,49,49,2.66666666666667,2,3.66666666666667,4,3,3,.407148866252879,-.0804680424896258,-.151401622014567,5.33333333333333,2.75,4
319,1,42,3,2,2,2,2,2,40,42,51,1.33333333333333,2.33333333333333,4.33333333333333,1,2,2,-.404185952171581,-.161709143718613,-.0587339018091452,4,1.75,1.75
320,1,26,5,1.25,1.5,1.125,1.14285714285714,1.27272727272727,9,51,72,1,1,2.66666666666667,1,4,1,-.821532897788318,-.291122398621776,-.455733842485472,5,1.5,1.25
321,2,36,3,2.83333333333333,2.75,2.875,3,2.90909090909091,60,60,60,3.33333333333333,3.33333333333333,3.66666666666667,3,3,3,.827664890277997,.465280596231535,-.0789300154344646,4.33333333333333,3.5,4.25
322,2,38,3,1.75,1.25,2,1.85714285714286,1.63636363636364,20,40,40,1.33333333333333,1.33333333333333,2,1,1,1,-.586962953837682,-.631648856342389,-.898054969951086,3.66666666666667,1.75,1.75
323,1,45,3,3.08333333333333,2.25,3.5,3.57142857142857,3.09090909090909,20,20,69,1.33333333333333,1.66666666666667,3.33333333333333,1,1,3,-.586962953837682,-.696073031513481,-.101809197835435,5.33333333333333,1.75,1
324,2,49,3,1.58333333333333,2,1.375,1.42857142857143,1.63636363636364,0,23,73,1,3.66666666666667,5,1,2,2,-.904260997732745,.119063820991791,.299378610967992,5.66666666666667,4.75,5
325,2,28,3,1.25,1,1.375,1.42857142857143,1.27272727272727,0,0,50,1,1,7,1,1,1,-.904260997732745,-1.10930963344122,.601781702806622,4.33333333333333,4.75,2.75
326,2,30,3,1.33333333333333,1,1.5,1.57142857142857,1.36363636363636,12,60,90,2.33333333333333,2.33333333333333,4.66666666666667,2,1,4,-.138088563150684,-.0846234345901073,.546221938410355,2.33333333333333,1.75,2.5
327,1,54,4,3.08333333333333,1.75,3.75,4,3.18181818181818,27,27,60,3,3,5.33333333333333,2,1,3,.265644026583408,-.170290234417663,.409737830767095,3.66666666666667,4.5,5.75
328,2,34,3,3.41666666666667,2.75,3.75,3.85714285714286,3.45454545454545,50,50,50,1.33333333333333,1.33333333333333,1.33333333333333,2,2,3,-.183951118073198,-.414965772054703,-.803928546255514,5.66666666666667,3.75,4
329,1,47,3,1.08333333333333,1,1.125,1.14285714285714,1.09090909090909,44,81,50,1.66666666666667,6,4,1,1,1,-.23497249954602,1.3585707172616,-.27508941748271,6.66666666666667,4,3
330,2,23,4,2.66666666666667,3.25,2.375,2.42857142857143,2.72727272727273,50,51,92,2.33333333333333,3.33333333333333,5.33333333333333,5,5,3,.591949953095559,.621357701736704,.666353234611398,3.66666666666667,2.5,3.25
331,1,55,3,1.16666666666667,1,1.25,1.28571428571429,1.18181818181818,22,28,0,1,1,1.33333333333333,3,3,4,-.447533748191357,-.619346416469001,-1.10726960087599,5,2.75,3.75
332,2,31,3,3,2.5,3.25,3.28571428571429,3,48,49,49,1,1,1,4,4,4,-.0812899568466183,-.309620711813135,-.802494441065072,4,4.5,2.75
333,2,54,3,3.33333333333333,1.75,4.125,4.28571428571429,3.36363636363636,87,84,97,3,2.66666666666667,5.66666666666667,1,1,4,.691988824286338,.240519076080106,.882330343235346,3.33333333333333,2,2.5
334,1,52,3,4.41666666666667,4.25,4.5,4.57142857142857,4.45454545454545,40,41,100,1.33333333333333,4,6.33333333333333,3,3,7,-.150695360529312,.500403886559198,1.40413778482043,5,4.75,4.75
335,1,56,3,3.16666666666667,2,3.75,3.57142857142857,3,49,49,51,1,1.66666666666667,2.33333333333333,2,2,2,-.326600950974471,-.307822313194428,-.613536850129967,5,2,2.25
336,1,70,3,1.25,1.75,1,1,1.27272727272727,0,49,50,1,2,3.66666666666667,1,1,1,-.904260997732745,-.333017420437953,-.358762162751348,5,2,1.25
337,2,39,3,2.41666666666667,2,2.625,2.57142857142857,2.36363636363636,15,15,96,1.66666666666667,1.66666666666667,4,3,3,6,-.246025402765863,-.502633880014384,.610948970616812,4,5.25,4.5
338,2,43,3,3.5,3,3.75,3.85714285714286,3.54545454545455,60,89,92,1.66666666666667,1.66666666666667,2.33333333333333,1,1,6,-.0899759558901844,-.0533494655138548,.113479414922851,5.33333333333333,3.75,3.5
339,1,56,2,1.16666666666667,1,1.25,1.28571428571429,1.18181818181818,54,52,58,2.33333333333333,3.33333333333333,2.33333333333333,3,3,2,.375227405873035,.404151786936934,-.568973002430527,4.33333333333333,1,3
340,2,53,3,1.41666666666667,1.25,1.5,1.28571428571429,1.27272727272727,44,44,43,1,2,2.33333333333333,3,4,2,-.245309503882758,-.0112204093214223,-.684575788497556,5.66666666666667,2,1.5
341,2,46,3,2.58333333333333,2.25,2.75,2.71428571428571,2.54545454545455,50,50,84,2.66666666666667,3.66666666666667,4.66666666666667,4,4,3,.604383174344938,.587278857508711,.388265074321555,4,6,4.25
342,2,40,3,5,5,5,5,5,0,59,86,1.33333333333333,1,4,1,5,7,-.771866396369033,-.101635729709741,.636008074512452,6,3.75,4.25
343,1,52,3,1.91666666666667,1.5,2.125,2.14285714285714,1.90909090909091,41,39,59,1.33333333333333,1.66666666666667,2,3,5,6,-.141503349424376,-.0625317328957133,-.244103708316221,4.33333333333333,3.25,3
344,1,63,3,1.25,1,1.375,1.42857142857143,1.27272727272727,0,0,91,1,1,6.66666666666667,1,1,1,-.904260997732745,-1.10930963344122,.841638001944632,7,5.25,6.25
345,2,59,3,2.25,1.75,2.5,2.42857142857143,2.18181818181818,30,50,80,1.33333333333333,1.66666666666667,5,2,2,2,-.36885456060455,-.294406815312208,.376034479749277,4.66666666666667,1.5,4
346,2,39,3,2.75,2,3.125,3.28571428571429,2.81818181818182,40,46,88,1.66666666666667,3.66666666666667,5.33333333333333,1,4,5,-.271740543965765,.545750470228242,.838697453445366,6.33333333333333,3.25,5.25
347,2,45,5,1.75,1,2.125,2.14285714285714,1.72727272727273,30,28,61,1,1,1.66666666666667,2,2,2,-.501249161968261,-.734839832615602,-.721154036757479,2.66666666666667,2.75,3
348,2,29,3,3.25,2.25,3.75,3.71428571428571,3.18181818181818,46,92,97,4,4.66666666666667,5.66666666666667,7,7,7,1.47170872756926,1.68843231409228,1.20020756614145,4.66666666666667,4.5,3.5
349,1,85,2,2.58333333333333,1,3.375,3.14285714285714,2.36363636363636,39,50,69,2,1.66666666666667,3,1,2,1,-.14853795370699,-.3031049174965,-.380359659428253,5.33333333333333,2.5,1.75
350,2,39,3,1.91666666666667,2.5,1.625,1.71428571428571,2,0,50,30,1,3.66666666666667,5,1,1,1,-.904260997732745,.300954485136537,-.12524433004272,3,2.75,1
351,2,64,3,2.08333333333333,2,2.125,2.28571428571429,2.18181818181818,50,56,59,4,3.33333333333333,3,3,4,2,1.00154639554658,.569506272937086,-.345374622686369,4.33333333333333,4.25,5.75
352,2,51,3,1.58333333333333,1.25,1.75,1.85714285714286,1.63636363636364,17,42,45,1.66666666666667,2.66666666666667,4.66666666666667,2,3,4,-.35696851719553,.0788749900682335,.187919241124139,4.66666666666667,3.75,3.75
353,1,39,3,1.91666666666667,2,1.875,1.85714285714286,1.90909090909091,41,65,58,1,2.66666666666667,4,2,4,2,-.400137039813962,.398400905731166,-.107768732224588,5.33333333333333,4,3.75
354,1,56,3,1.91666666666667,1.5,2.125,1.85714285714286,1.72727272727273,38,35,60,1,1,3.66666666666667,1,1,1,-.554964575745165,-.785589152592447,-.260821760065061,4.33333333333333,2,1.75
355,2,49,3,2.16666666666667,2.75,1.875,2,2.27272727272727,25,41,88,1.33333333333333,3.66666666666667,4,3,4,6,-.287563113512836,.525233574191512,.536849993401884,5.66666666666667,2.5,2.75
356,2,58,3,3.58333333333333,2.75,4,4.28571428571429,3.72727272727273,23,68,61,3.66666666666667,4,3.33333333333333,3,4,4,.621979907940106,.900051519915101,-.0574603399242285,4,2.5,2.5
357,2,48,3,2.5,2.75,2.375,2.42857142857143,2.54545454545455,46,47,48,2,3.66666666666667,5.66666666666667,3,4,6,.171372349692979,.589792035561092,.683385893089515,4,3.5,3.5
358,2,26,5,2,2,2,2.14285714285714,2.09090909090909,0,96,6,1,1,1,2,6,2,-.77700949511635,.356076480476995,-1.35011688865771,5.33333333333333,5.5,6.5
359,2,68,3,1,1,1,1,1,45,46,93,1,1,7,2,2,5,-.363368995394216,-.568355013893374,1.34808772187501,5.66666666666667,5.5,5.75
360,1,49,2,1.58333333333333,1.5,1.625,1.71428571428571,1.63636363636364,30,30,99,1,1,5,2,4,5,-.501249161968261,-.485354687131042,.838168063907302,4.66666666666667,2.75,4.5
361,2,36,3,1.83333333333333,1.5,2,2,1.81818181818182,19,28,50,1,2,3,4,5,5,-.347858278889771,-.0391817378079398,-.14098066572649,3.66666666666667,4.5,3.25
362,1,45,3,1,1,1,1,1,50,100,100,1,1,3,2,7,2,-.317408939869535,.508566523006312,-.030203104887079,5,5,4
363,2,39,3,2.66666666666667,3,2.5,2.71428571428571,2.81818181818182,20,50,50,1.66666666666667,2,2,1,1,1,-.455580766064491,-.302205718187147,-.816906394109948,6.33333333333333,6.5,6.5
364,1,60,3,1.83333333333333,1.25,2.125,2,1.72727272727273,0,30,80,1,2,5.66666666666667,1,1,1,-.904260997732745,-.50875139575586,.446352407091793,3.66666666666667,4.25,2
365,2,44,3,2.58333333333333,2.75,2.5,2.57142857142857,2.63636363636364,47,47,45,1.33333333333333,2,4,1,1,5,-.339841874437027,-.317088744503352,.0954352255460223,5.33333333333333,4.25,4.5
366,1,66,3,3.25,1.5,4.125,4.57142857142857,3.45454545454545,2,2,99,1.66666666666667,1.66666666666667,2,1,1,1,-.62311259997649,-.875422293706543,-.419278372488372,5.33333333333333,2.75,2.5
367,2,55,3,2.83333333333333,3,2.75,3,3,0,97,29,1,3.66666666666667,4.33333333333333,1,1,1,-.904260997732745,.688373412536673,-.339662593244861,5.66666666666667,5,5
368,2,37,3,3.08333333333333,2,3.625,3.57142857142857,3,30,20,60,1,1,2.66666666666667,3,2,7,-.373997659351866,-.808833085381037,.0490586586270772,4.33333333333333,2,2.5
369,2,41,3,2.41666666666667,2.25,2.5,2.57142857142857,2.45454545454545,30,30,70,1,1,3.33333333333333,6,6,6,.00775684849731748,-.254367854837842,.207391055809636,4,5.5,3.75
370,1,64,3,1.75,1.5,1.875,1.85714285714286,1.72727272727273,49,45,58,3.33333333333333,4,4,2,2,1,.599250458665198,.447635983736983,-.180392758271067,6,1.5,2
371,2,68,2,3.58333333333333,2,4.375,4.28571428571429,3.45454545454545,29,37,50,4.33333333333333,4.66666666666667,5.33333333333333,1,1,3,.685393344883317,.490934545736855,.321723360927052,3,1,1
372,2,65,3,2.66666666666667,2,3,3.28571428571429,2.81818181818182,30,50,49,2,2,3,1,1,1,-.231266053651416,-.302205718187147,-.545716849957868,3.33333333333333,3.75,5.25
373,2,54,3,2.91666666666667,3,2.875,3,3,31,50,50,1,1,1.33333333333333,3,3,2,-.36480564824693,-.415864971364056,-.900210293146048,5.33333333333333,3.5,2.75
374,2,50,3,2.91666666666667,2,3.375,3.28571428571429,2.81818181818182,25,45,41,1,1,1,5,4,7,-.165454709643759,-.346617338195852,-.569387944524363,7,5,4
375,2,45,3,2.5,1.75,2.875,2.85714285714286,2.45454545454545,38,46,94,3.33333333333333,3.66666666666667,4,4,4,2,.750565707720542,.601740005009328,.210338084190676,4,3,4.25
376,2,68,3,2.41666666666667,2.25,2.5,2.71428571428571,2.54545454545455,59,49,81,1.66666666666667,3,5.33333333333333,2,2,2,.0311715832349399,.153216387731635,.470882121449368,6,2.5,4
377,2,47,3,2,1.25,2.375,2.14285714285714,1.81818181818182,50,49,50,1,1,6,7,1,1,.318848573212438,-.656100960252936,.319417262223089,4.66666666666667,6,5
378,1,68,3,2.5,1.5,3,3.14285714285714,2.54545454545455,5,28,50,1,1,1.33333333333333,4,3,4,-.476546434358879,-.619346416469001,-.701526721670302,5.66666666666667,1.75,1
379,1,59,3,3.66666666666667,1,5,5,3.54545454545455,20,10,81,1,1,5,1,1,6,-.720420775634019,-1.01681806748443,.751738681746149,4,4.75,5.5
380,2,47,3,2.33333333333333,2.75,2.125,2.28571428571429,2.45454545454545,30,49,71,1,1,4.66666666666667,1,1,1,-.628500664584656,-.656100960252936,.107746075096385,5,3,2.5
381,1,45,3,1,1,1,1,1,0,50,50,1,4,6.33333333333333,1,4,2,-.904260997732745,.712004155537746,.511611909771617,7,1.75,2.5
382,2,38,3,3.5,3,3.75,3.85714285714286,3.54545454545455,52,81,53,2.66666666666667,4,5,2,2,2,.365074530024145,.789303723365732,.150813247283526,4,5,5.75
383,2,23,3,2.41666666666667,2.5,2.375,2.42857142857143,2.45454545454545,49,50,62,1,1,4.33333333333333,5,7,1,.0551535568747127,.0461086932223453,-.0581405049712952,3.33333333333333,5,4.75
384,1,51,3,2.33333333333333,1.5,2.75,2.42857142857143,2.09090909090909,10,48,93,1.66666666666667,4,5.66666666666667,1,1,2,-.548564097546479,.368588139561713,.661113274269389,4.66666666666667,2.5,1.25
385,2,52,3,4,3.5,4.25,4.14285714285714,3.90909090909091,43,69,94,3,3,3,4,4,4,.667219209495178,.564654591040671,.127403031387116,5.33333333333333,3.5,2.75
386,2,66,3,1.91666666666667,1.5,2.125,2,1.81818181818182,50,50,50,2,2,2.66666666666667,2,2,2,.0829645255194751,-.208274847695673,-.544099040140121,5,3,1.25
387,1,77,3,2.75,1.75,3.25,3.14285714285714,2.63636363636364,48,48,89,1.66666666666667,2,4,4,1,7,.183550052722909,-.333568474849339,.643560820419644,3.66666666666667,3,3.5
388,2,61,3,3.41666666666667,3.75,3.25,3.57142857142857,3.63636363636364,89,25,99,4.66666666666667,3.33333333333333,5.66666666666667,2,2,2,1.49342126070383,.0476292448912844,.729654285466561,5.33333333333333,2.5,5.75
389,2,65,3,2.75,3.5,2.375,2.42857142857143,2.81818181818182,10,90,81,5,5.33333333333333,5.33333333333333,1,2,6,.770319848138033,1.32072039018208,.858323331554615,5,5.25,3
390,1,58,2,3.66666666666667,3.75,3.625,3.85714285714286,3.81818181818182,24,11,19,3,4.33333333333333,5.66666666666667,2,2,3,.238067993268599,.262421718410672,.166821492781746,7,6.75,6
391,1,70,3,1.16666666666667,1.25,1.125,1.14285714285714,1.18181818181818,9,28,79,1.33333333333333,3,5.66666666666667,2,4,5,-.562899207398732,.15971028367615,.84933648045698,4.66666666666667,3.25,5.25
392,1,62,3,1.16666666666667,1,1.25,1.14285714285714,1.09090909090909,20,48,59,1,1.33333333333333,2.66666666666667,4,4,5,-.338666267784835,-.211175355137153,-.160799809280121,4.66666666666667,1.5,1.75
393,1,59,3,2.33333333333333,1.25,2.875,3,2.36363636363636,59,19,99,3,1.33333333333333,6,5,4,6,.942606110223179,-.479400896411854,1.20688831853512,3.33333333333333,1,2.75
394,2,58,3,3.33333333333333,2.5,3.75,4,3.45454545454545,46,69,59,2.66666666666667,3.33333333333333,4.66666666666667,3,2,2,.434085918397256,.454226715489965,.0997836369786476,4.33333333333333,2.5,3.25
395,2,71,3,2,2,2,2,2,51,50,51,3,3,3,4,4,4,.740755298334669,.388920615722763,-.221535844729778,4.66666666666667,4.5,5
396,1,73,3,2,1.75,2.125,2.28571428571429,2.09090909090909,89,18,99,3.66666666666667,1,6,3,1,3,1.22764022727538,-.942824814718995,.905802922474166,5.66666666666667,3.25,2
397,1,60,3,2.75,2.5,2.875,2.71428571428571,2.63636363636364,48,49,49,1,1,2,1,1,1,-.463044464695802,-.656100960252936,-.831141329388741,4.33333333333333,1.25,1
398,1,58,3,1.16666666666667,1,1.25,1.28571428571429,1.18181818181818,0,30,50,1.33333333333333,1,1.33333333333333,1,1,2,-.772878809959554,-.831834935570843,-.900210293146048,4.66666666666667,3.5,1.75
399,2,69,3,1.83333333333333,1.5,2,2,1.81818181818182,50,50,50,1,1,2,1,4,1,-.44466044248593,-.300371555217456,-.813846355262609,4.66666666666667,6.25,1.75
400,2,59,3,2.08333333333333,1.75,2.25,2.14285714285714,2,49,50,80,1.33333333333333,2.33333333333333,3.66666666666667,3,4,2,-.0679672605848855,.160667145708607,-.0121687943384954,3.33333333333333,2,2.75
401,1,64,3,2.08333333333333,1,2.625,2.57142857142857,2,18,18,24,2,2.33333333333333,3.66666666666667,3,3,3,-.0870671816778629,-.250799281499732,-.364198994463657,5,4.25,5
402,2,25,5,2.75,2,3.125,3.14285714285714,2.72727272727273,90,70,79,1.33333333333333,3,3.33333333333333,3,7,5,.308905194717503,.920749415687361,.198620631478164,4.66666666666667,3.25,4
403,1,65,2,2.66666666666667,2.75,2.625,2.85714285714286,2.81818181818182,20,50,30,2,2,3,1,1,1,-.320047310245009,-.323768263842273,-.715945154596953,4.33333333333333,1.5,6.75
404,2,66,3,2.33333333333333,2.25,2.375,2.28571428571429,2.27272727272727,8,30,51,1,1.66666666666667,2,1,5,2,-.830724908893254,-.145774142256827,-.702583856789057,4.66666666666667,3,4
405,2,65,3,2.41666666666667,2,2.625,2.85714285714286,2.54545454545455,19,27,27,3.33333333333333,4,4.33333333333333,3,3,3,.450741628133504,.405342683345647,-.143476948939533,6,5.5,5.75
406,1,66,3,1.83333333333333,1,2.25,2.42857142857143,1.90909090909091,39,40,49,1,1.33333333333333,2.33333333333333,5,5,5,-.0367665541746504,-.169675191755988,-.334801246931915,4.33333333333333,2.75,3
407,2,77,3,2.91666666666667,2,3.375,3.14285714285714,2.72727272727273,50,51,54,1.33333333333333,3.33333333333333,3.66666666666667,1,1,1,-.311202620689593,.124957048024343,-.335482848956911,7,1,2.5
408,2,65,3,3,2,3.5,3.28571428571429,2.81818181818182,51,50,51,3,1,5,1,7,1,.365278499397027,.0461086932223453,.0115840255333707,7,4,1
409,2,65,3,1.58333333333333,1.25,1.75,1.71428571428571,1.54545454545455,38,48,65,1,1.33333333333333,3,1,1,1,-.554964575745165,-.548957501392662,-.422745022610953,6.33333333333333,6.75,4.5
410,2,47,3,1.66666666666667,1.75,1.625,1.71428571428571,1.72727272727273,41,42,60,2.66666666666667,2.33333333333333,3,4,4,4,.514314145056344,.103704677700547,-.156113836775886,4,3.25,3.75
411,2,66,3,1.16666666666667,1.5,1,1,1.18181818181818,10,50,47,1,4,2.66666666666667,6,6,1,-.176083373601409,.964188113874863,-.664725359782996,5.33333333333333,2,2
412,1,71,3,1.5,1.25,1.625,1.71428571428571,1.54545454545455,50,50,96,1,1.33333333333333,3,1,1,1,-.44466044248593,-.530459188201303,-.168124398656085,5,2.25,2.5
413,1,66,3,2.16666666666667,2,2.25,2.42857142857143,2.27272727272727,50,59,82,2,4.33333333333333,7,2,3,3,.0797748642215994,.809010207679047,1.06014071697401,6.33333333333333,3.75,5
414,2,64,4,3,3,3,3,3,38,46,90,5,3.66666666666667,2.66666666666667,3,3,2,1.28741365278796,.486246588862728,-.169875072544347,2,2.5,1.75
415,2,60,3,2.66666666666667,2.75,2.625,2.57142857142857,2.63636363636364,40,70,50,1,3.33333333333333,3.66666666666667,2,2,2,-.409329050918898,.463475872085644,-.259420377013475,4,2,4
416,2,20,3,1.41666666666667,1.25,1.5,1.57142857142857,1.45454545454545,47,47,100,2,2,7,5,4,7,.434004145598079,.0165270604656158,1.60357529643955,3.33333333333333,1.5,2.75
417,2,60,3,2.5,2.25,2.625,2.71428571428571,2.54545454545455,50,50,50,1.66666666666667,2.33333333333333,2.33333333333333,6,6,3,.458512714188717,.378789534530974,-.528429999670886,2.33333333333333,3.75,2.75
418,2,68,3,1.5,2,1.25,1.28571428571429,1.54545454545455,0,19,50,1,1.66666666666667,5.66666666666667,3,3,3,-.649757992499955,-.487199799286793,.408456145043029,6,6,5
419,2,46,3,2.75,3.25,2.5,2.28571428571429,2.63636363636364,0,50,100,1,1,3.66666666666667,3,3,7,-.649757992499955,-.415864971364056,.636911353186901,2.66666666666667,2.75,1.75
420,1,62,3,1.75,1,2.125,2.14285714285714,1.72727272727273,50,51,69,1.33333333333333,1.33333333333333,1.33333333333333,1,1,4,-.311202620689593,-.529908133789916,-.550404466419479,4.33333333333333,1,1.75
421,2,23,3,3.33333333333333,2.75,3.625,4,3.54545454545455,50,51,47,2.66666666666667,3,2.66666666666667,4,4,1,.599168685866021,.398169772318443,-.658605282088317,3.33333333333333,2,3.5
422,2,41,3,2.75,2.25,3,3,2.72727272727273,49,51,100,1,1,3.66666666666667,2,2,2,-.326600950974471,-.522109230914977,.159308473885798,5.66666666666667,3.25,4.25
423,2,65,1,1.83333333333333,2,1.75,1.85714285714286,1.90909090909091,41,51,99,1,1,7,2,2,2,-.400137039813962,-.522109230914977,1.09875151016607,6,4.25,5
424,2,29,3,3,3,3,3,3,41,74,51,2,4.66666666666667,5.33333333333333,1,1,4,-.130153931497117,.841851441961283,.436045898247944,2,1,2
425,2,26,3,3.41666666666667,2.75,3.75,3.57142857142857,3.27272727272727,50,50,100,1,1,2,6,5,7,.191597070596044,-.184878139070855,.187947238370318,1,1.75,1.75
426,2,52,3,3.83333333333333,3.5,4,4,3.81818181818182,50,51,100,1,4.66666666666667,6.33333333333333,2,2,7,-.317408939869535,.7487805976938,1.40413778482043,5.33333333333333,6.5,6.5
427,2,58,3,1,1,1,1,1,0,50,50,4,3.33333333333333,4,1,1,1,.287442835066973,.158832982738916,-.242251580096638,6,4,4.5
428,2,69,3,1.33333333333333,1.75,1.125,1.14285714285714,1.36363636363636,26,54,63,3,2.33333333333333,3,2,2,2,.255439601887952,-.0333230602018757,-.329707019195063,4.33333333333333,3.75,3
429,1,60,3,3.16666666666667,1.5,4,4,3.09090909090909,20,21,75,1,3.66666666666667,5.66666666666667,1,1,5,-.720420775634019,.00246829602241712,.81001115612162,5.66666666666667,2,2.25
430,2,75,3,1,1,1,1,1,29,30,49,1,1.66666666666667,5,1,1,1,-.637692675689592,-.616445909027521,-.00464568963485692,5.33333333333333,3,2
431,2,54,3,2.83333333333333,3,2.75,3,3,46,43,43,3.66666666666667,3.66666666666667,4.66666666666667,2,3,2,.705132247146726,.436936573420563,-.020128151520929,5.66666666666667,3.5,3.25
432,2,33,3,3.25,3.25,3.25,3.28571428571429,3.27272727272727,50,50,50,3,3,3,3,3,3,.604311784613338,.273427199576163,-.328992488051765,3,2,3.5
433,1,67,3,3.5,2.25,4.125,4.42857142857143,3.63636363636364,66,50,62,1.33333333333333,2.66666666666667,3.66666666666667,2,1,1,-.0368789403942174,-.0996811351146587,-.270563988284,4.66666666666667,2,3.5
434,2,35,3,2.25,1,2.875,3.14285714285714,2.36363636363636,49,49,91,1,1,4.33333333333333,7,4,1,.309656562107502,-.309620711813135,.153532644123951,5.66666666666667,7,2.5
435,2,63,3,1.41666666666667,1,1.625,1.57142857142857,1.36363636363636,41,53,69,1,1,1.33333333333333,1,1,1,-.527388542430356,-.619104333870218,-.848429823633097,5,4,2.5
436,2,27,3,3.5,2.75,3.875,3.71428571428571,3.36363636363636,81,66,51,4,6,7,2,3,5,1.16025965077373,1.43832117675999,1.00726370334223,3,2.5,3.25
437,2,57,2,2.75,3.25,2.5,2.42857142857143,2.72727272727273,39,54,90,1,1,4,2,4,3,-.418521062023834,-.263374928834738,.257368573899605,4.33333333333333,3.25,4.25
438,2,61,3,1.66666666666667,1.5,1.75,1.71428571428571,1.63636363636364,36,49,75,1,3.33333333333333,5.33333333333333,4,4,5,-.191594090105854,.474501528927911,.720218333158304,4.66666666666667,3.5,3.5
439,1,68,2,3.66666666666667,1.25,4.875,5,3.63636363636364,24,6,85,2,1.66666666666667,2.66666666666667,4,4,6,.0963996080007747,-.491945418884025,.140348157102693,5,6,6
440,2,27,4,1.25,1,1.375,1.42857142857143,1.27272727272727,0,50,65,1,1,1.33333333333333,1,1,1,-.904260997732745,-.646851803657256,-.877829215122213,4,1.75,2
441,2,69,4,3.16666666666667,3.25,3.125,3.14285714285714,3.18181818181818,17,51,61,1,1,1,1,1,1,-.747996808948828,-.637602647061577,-1.00314150726932,3,4,3.5
442,2,68,3,1.08333333333333,1,1.125,1.14285714285714,1.09090909090909,48,49,50,1,1,1,1,1,1,-.463044464695802,-.656100960252936,-1.09240494069458,6,1.25,3.25
443,2,67,3,2.5,2.5,2.5,2.57142857142857,2.54545454545455,42,57,90,1.33333333333333,2.66666666666667,4.66666666666667,4,3,3,-.00298420167989946,.196049793348297,.436954219826238,3.66666666666667,3.25,2.25
444,1,69,3,1.5,1.75,1.375,1.42857142857143,1.54545454545455,9,27,48,2,2.33333333333333,2.33333333333333,2,2,1,-.298110004671309,-.291748390469511,-.72655145946971,6,5.25,3.25
445,2,64,3,3.25,3,3.375,3.42857142857143,3.27272727272727,100,100,100,7,6,7,4,4,7,2.7801022862095,1.88078494101931,1.60357529643955,2,1.75,3.75
446,2,44,3,2.75,2.75,2.75,2.71428571428571,2.72727272727273,35,18,16,4,4,5,5,5,3,1.11816923420532,.553087106277734,-.0500946975908124,5.33333333333333,3.75,3.25
447,2,37,3,2.41666666666667,2.75,2.25,2.42857142857143,2.54545454545455,15,50,50,1,1,1,1,4,7,-.7663808311587,-.300371555217456,-.496354226267339,5,4.75,4
448,2,67,3,3.41666666666667,2.25,4,4.14285714285714,3.45454545454545,17,16,17,2,2,3.33333333333333,1,1,1,-.350762198015589,-.629541485911078,-.712539430838855,4,3,2.5
449,2,70,4,3.16666666666667,3.5,3,3.28571428571429,3.36363636363636,0,80,50,1.66666666666667,7,6.66666666666667,1,4,1,-.637345354140071,2.04497965547358,.502062946997061,6,6,6.5
450,2,72,3,2.58333333333333,2.5,2.625,2.71428571428571,2.63636363636364,34,29,36,1,1,1,6,4,5,.0445248929170627,-.494603843726722,-.808645803920678,5.66666666666667,3.5,3
451,2,44,3,2.58333333333333,2,2.875,3.14285714285714,2.72727272727273,20,29,67,1,1,2.33333333333333,1,1,1,-.720420775634019,-.841084092166523,-.583040914522019,5,3.25,3.75
452,2,66,2,1.16666666666667,1,1.25,1.14285714285714,1.09090909090909,50,50,50,1,1,1.66666666666667,1,1,1,-.44466044248593,-.646851803657256,-.912819294767943,4,1,2.5
453,2,61,3,2.25,2.25,2.25,2.14285714285714,2.18181818181818,21,33,91,4.33333333333333,3,5.66666666666667,3,4,6,.86529704084399,.240383055780507,1.04911659605156,4.66666666666667,2,3
454,2,52,3,2.66666666666667,1,3.5,3.85714285714286,2.81818181818182,50,50,59,1,1,1,1,1,1,-.44466044248593,-.646851803657256,-1.01937122243755,3,2.5,5.5
455,2,25,3,3.25,3.25,3.25,3.14285714285714,3.18181818181818,0,0,0,3,3.66666666666667,4.33333333333333,7,5,4,.651590798966851,.278907774283845,-.260176279125393,7,3.25,5
456,2,37,3,3.16666666666667,2.75,3.375,3.28571428571429,3.09090909090909,12,29,85,1,1,2.33333333333333,1,1,2,-.793956864473509,-.841084092166523,-.340691731117437,4.33333333333333,1.75,3.5
457,2,65,3,1.58333333333333,1.5,1.625,1.71428571428571,1.63636363636364,1,0,19,3,3.66666666666667,7,1,4,1,-.106775859988662,.167580699423785,.350221117699094,5.66666666666667,2.5,2
458,1,72,2,2.16666666666667,2,2.25,2.42857142857143,2.27272727272727,64,77,96,2.66666666666667,1.66666666666667,3,2,3,3,.470214981646569,.0749801702042757,.0504110385121488,4.33333333333333,4.25,5.25
459,2,68,3,2.91666666666667,2.5,3.125,3,2.81818181818182,50,50,50,2.33333333333333,2,2.66666666666667,3,3,3,.33845936145329,-.0712188858939465,-.428711243861325,5,2.5,1.75
460,2,22,3,2.16666666666667,2,2.25,2.28571428571429,2.18181818181818,10,20,50,1,1.33333333333333,3,3,5,3,-.557837881450592,-.345960221485282,-.345784314896914,5,4,3.25
461,2,65,3,1.16666666666667,1,1.25,1.28571428571429,1.18181818181818,50,50,50,1,1,5,4,4,5,-.0629059346367457,-.300371555217456,.400836310900748,1.66666666666667,2,2
462,2,52,3,3.33333333333333,3.5,3.25,3.42857142857143,3.45454545454545,40,66,79,1,1.33333333333333,2.66666666666667,4,4,3,-.154826045686109,-.0318260929440915,-.194126190226252,6.66666666666667,6.5,3.75
463,2,40,3,1.91666666666667,2.25,1.75,1.71428571428571,1.90909090909091,20,25,18,1,1,1,2,2,3,-.593169273017624,-.76258730240264,-1.15339681191047,7,2.75,2.25
464,2,48,3,1.16666666666667,1,1.25,1.28571428571429,1.18181818181818,19,18,19,1.33333333333333,1.66666666666667,2,1,4,1,-.598230598965764,-.380955539735872,-1.06846697921748,5,2,3.25
465,2,38,3,3.91666666666667,3.5,4.125,4.28571428571429,4,62,64,98,4,5.33333333333333,6.33333333333333,7,4,7,1.62085653927139,1.34112437921582,1.3879080696522,3.33333333333333,2,2
466,2,46,3,2.16666666666667,2.25,2.125,2.14285714285714,2.18181818181818,29,49,28,5.33333333333333,4.33333333333333,3.66666666666667,2,5,4,1.21089187202347,.956203576199747,-.215605951544179,4.33333333333333,3.75,3.75
467,2,47,3,2.66666666666667,2.5,2.75,2.85714285714286,2.72727272727273,23,82,54,3.66666666666667,7,6.66666666666667,3,7,2,.625067955553772,2.40995821710474,.643790095917633,4.66666666666667,4.25,4
468,2,69,3,3.16666666666667,3,3.25,3.28571428571429,3.18181818181818,35,51,38,1,1,1,4,5,3,-.20078610121079,-.175628982475176,-.991099660228196,1.66666666666667,1,2.25
469,2,65,3,3.75,3.25,4,4,3.72727272727273,48,48,96,3.33333333333333,4.33333333333333,7,4,5,5,.842485818769905,.925391873948942,1.37243229462735,1.66666666666667,1,1
470,2,54,3,2.58333333333333,2.25,2.75,2.85714285714286,2.63636363636364,35,35,50,1.33333333333333,2.66666666666667,5,4,5,2,-.0683914998470788,.236419624007386,.129528713378523,5,4.75,4.25
471,2,28,3,3.41666666666667,3.25,3.5,3.71428571428571,3.54545454545455,50,52,50,1,1,1,4,4,4,-.0629059346367457,-.281873242026097,-.794379583480958,5.33333333333333,4.5,5.75
472,2,56,3,3.08333333333333,3.25,3,3,3.09090909090909,39,40,38,2.66666666666667,3,5,4,4,4,.495980929688576,.283564606295136,.240759926691148,5.66666666666667,4.5,4
473,2,51,3,4.41666666666667,4.75,4.25,4.71428571428571,4.72727272727273,48,50,49,3,1,5,1,1,1,.337702466082218,-.646851803657256,-.00464568963485692,5,5,3
474,2,45,3,2.41666666666667,2.5,2.375,2.57142857142857,2.54545454545455,17,24,81,1,1,1.66666666666667,4,4,5,-.366242301099644,-.540849626705118,-.260831527861585,4.33333333333333,4.5,4.5
475,2,60,3,3.5,3.5,3.5,3.71428571428571,3.63636363636364,50,59,81,2,4.66666666666667,6.66666666666667,4,4,4,.334328676296493,1.07532322840756,1.05164888931821,6.33333333333333,5.75,3.75
476,2,57,3,3,2.25,3.375,3.57142857142857,3.09090909090909,50,50,50,2.66666666666667,3.66666666666667,4,5,5,6,.726420188482416,.706938614941852,.234605482900237,4,1.25,2
477,2,52,3,2.58333333333333,1.5,3.125,3.14285714285714,2.54545454545455,46,47,47,3,4,5,1,1,1,.319318443872345,.320745652553533,-.0208754048030845,3,2,2
478,2,46,3,3.66666666666667,1.5,4.75,5,3.72727272727273,0,0,98,1,3,7,1,1,1,-.904260997732745,-.463142553811257,.991294866844084,7,6.5,5.5
479,2,69,1,2.08333333333333,1.75,2.25,2.28571428571429,2.09090909090909,49,51,79,2,2.33333333333333,5.66666666666667,1,1,3,-.0556054290671063,-.189428389606348,.636921120983424,4.66666666666667,4,2.75
480,2,63,3,2.08333333333333,2,2.125,2.14285714285714,2.09090909090909,49,49,49,3,3,3,4,4,4,.722371276124796,.379671459127084,-.237765559898006,3.66666666666667,3,3
481,2,64,3,1.33333333333333,1.5,1.25,1.28571428571429,1.36363636363636,29,49,47,1,1.66666666666667,3,1,3,1,-.637692675689592,-.201026999232121,-.561946565126096,5,4,2.75
482,2,74,3,2.16666666666667,2.5,2,1.85714285714286,2.09090909090909,11,29,39,6,5.33333333333333,5.33333333333333,3,3,3,1.43752718432054,.876181595278777,.239325821500705,2.66666666666667,3.5,3.75
483,2,62,3,3.25,2.75,3.5,3.71428571428571,3.36363636363636,48,48,60,4.66666666666667,5,5.33333333333333,2,2,4,1.12075088028984,.815863197707589,.499153683658724,5.66666666666667,5.25,4.5
484,2,65,3,2.75,3,2.625,2.71428571428571,2.81818181818182,23,43,82,3.33333333333333,4,4.66666666666667,1,4,1,.233968274068875,.660489922450035,.187083575675392,5.33333333333333,4.75,3.25
485,2,63,3,1.25,1.25,1.25,1.28571428571429,1.27272727272727,20,29,74,2,3.66666666666667,4.33333333333333,1,1,1,-.324249385133405,.0722952075013109,.0354319308865046,5.33333333333333,2.5,3.25
486,2,66,3,1,1,1,1,1,18,31,58,1,1,3.33333333333333,1,1,1,-.738804797843891,-.822585778975164,-.386696163889094,5.66666666666667,4,3.75
487,2,66,3,1.66666666666667,1.75,1.625,1.71428571428571,1.72727272727273,45,45,71,1,1,5,1,1,1,-.490620498010611,-.693097586635653,.215076541209078,4.33333333333333,1.75,1.5
488,2,65,2,1,1,1,1,1,8,33,34,1,1.66666666666667,1.66666666666667,2,3,3,-.70347340627686,-.357711606947283,-.840913405790679,4.66666666666667,1.75,3.5
489,2,66,3,2.41666666666667,1.75,2.75,3,2.54545454545455,28,39,51,1.66666666666667,2.66666666666667,4.66666666666667,2,2,4,-.254793174608606,-.0730639980496975,.223622414935239,5,5,6
490,2,71,3,2.16666666666667,2.5,2,2.14285714285714,2.27272727272727,41,21,70,1,1,5.33333333333333,3,4,2,-.272885537197567,-.568597096492157,.364826861178967,5.66666666666667,5.5,5.25
491,2,66,3,3.25,3,3.375,3.42857142857143,3.27272727272727,30,50,51,3.33333333333333,4.33333333333333,4.33333333333333,4,4,4,.680117666494718,.841261214464534,.150621418817072,5.33333333333333,2.75,4
492,2,41,3,2.66666666666667,3,2.5,2.42857142857143,2.63636363636364,50,48,40,1,2,4,2,4,4,-.317408939869535,.00421367140616882,-.0490325195682122,4,1.75,2
493,2,44,3,3.66666666666667,3.5,3.75,3.71428571428571,3.63636363636364,8,27,70,2.66666666666667,3.66666666666667,6.66666666666667,2,2,1,-.0403863721835725,.169290310456552,.674286031525581,2,3,4
494,2,45,3,3.25,3,3.375,3.28571428571429,3.18181818181818,50,50,50,3.33333333333333,3.33333333333333,3.33333333333333,1,1,1,.482254187586365,.145968539268082,-.444749130563099,5,2.25,2
495,2,55,3,3.08333333333333,2,3.625,3.42857142857143,2.90909090909091,50,50,81,2.33333333333333,5.33333333333333,3.33333333333333,7,4,7,.85161663996516,1.20746984558977,.386816158430743,6,1.25,4
496,2,51,3,1.75,2,1.625,1.71428571428571,1.81818181818182,39,48,50,1,1,1,1,1,2,-.545772564640229,-.665350116848615,-.993063154956704,5.66666666666667,4.5,3.5
497,2,54,3,1.91666666666667,2.25,1.75,1.85714285714286,2,47,47,56,1,1,3.33333333333333,1,4,1,-.472236475800738,-.328119025004494,-.392999946211077,5,4.75,3.25
498,2,59,3,1.75,1.5,1.875,2,1.81818181818182,40,38,79,1,1,2,2,2,6,-.409329050918898,-.642348266658808,-.087926634328623,1.66666666666667,1.5,2
499,2,45,3,1,1,1,1,1,0,0,20,1,1,1.33333333333333,1,1,1,-.904260997732745,-1.10930963344122,-1.24605784525467,5.66666666666667,2.25,4.25
500,2,65,5,1.66666666666667,1.75,1.625,1.71428571428571,1.72727272727273,37,63,87,1,2,5,1,1,1,-.564156586850102,-.177434921545564,.363274495638933,6.33333333333333,3.5,5.75
501,2,67,3,1.33333333333333,1,1.5,1.57142857142857,1.36363636363636,0,0,34,1,1,1.33333333333333,1,1,1,-.904260997732745,-1.10930963344122,-1.12938980022974,3.66666666666667,3.75,3.75
